"","Carbohydrates","Proteins","Fats","Vit_B1","Vit_B6","Vit_B7","Vit_B9","Vit_B12","Butyrate","Lactate","Cohort"
"BM000175","18.59299","17.70553","16.21208","17.51816","17.99720","16.90394","18.81445","16.98230","18.27665","19.55691","AMILI"
"BM000179","18.68811","17.75114","16.37281","17.41366","17.89338","16.75412","18.87613","16.77181","18.13959","19.59252","AMILI"
"BM000186","18.61037","17.69846","16.32750","17.42398","17.83996","16.96763","18.87416","17.04117","18.17456","19.40948","AMILI"
"BM000201","18.86188","17.89498","16.62766","17.65494","18.09744","17.24561","19.06735","17.12747","18.36253","19.55615","AMILI"
"BM000214","18.45149","17.54850","16.21531","17.01744","17.69966","16.68661","18.59351","16.66914","17.95060","19.17220","AMILI"
"BM000217","17.87568","17.05076","15.55158","16.83879","17.59209","16.03187","18.28805","16.02827","17.49794","18.73507","AMILI"
"BM000219","18.62490","17.68398","16.34061","17.48673","17.82735","16.98882","18.90920","16.96101","18.12220","19.32506","AMILI"
"BM000227","18.40900","17.52765","16.17388","17.35037","17.74211","16.75019","18.73688","16.93899","18.00769","19.18523","AMILI"
"BM000228","18.53602","17.64881","16.30339","17.37058","17.78260","16.88573","18.79287","16.93132","18.11733","19.29976","AMILI"
"BM000235","18.55512","17.58963","16.29722","17.30423","17.78548","16.98910","18.72179","16.73643","17.99480","19.18680","AMILI"
"BM000236","18.66972","17.75120","16.42173","17.40648","17.91082","16.90622","18.87360","16.93148","18.23719","19.53202","AMILI"
"BM000242","18.34376","17.49769","16.01618","17.23674","17.65675","16.65677","18.68753","16.73468","17.94457","19.15018","AMILI"
"BM000244","18.59526","17.71911","16.25914","17.46906","17.89861","17.01006","18.99697","17.02102","18.20248","19.32947","AMILI"
"BM000252","18.39557","17.63399","16.17494","17.26684","17.74481","16.81610","18.76707","16.69282","18.07694","19.11307","AMILI"
"BM000256","18.55552","17.71094","16.31171","17.31717","17.94325","16.90135","18.86459","16.70728","18.05195","19.24667","AMILI"
"BM000258","18.80312","17.83126","16.43960","17.63065","18.07489","17.44800","19.02063","17.15577","18.19629","19.36779","AMILI"
"BM000263","18.66799","17.81202","16.42997","17.39269","17.87144","17.03229","18.92938","16.93385","18.29217","19.43233","AMILI"
"BM000269","18.45492","17.68464","16.22714","17.22037","17.96977","16.61972","18.74209","16.60937","18.01361","19.25051","AMILI"
"BM000275","18.88503","17.89412","16.53885","17.62948","18.08063","17.32882","19.05824","17.29276","18.58115","19.57385","AMILI"
"BM000276","18.57504","17.66685","16.28158","17.46487","17.89512","16.98543","18.85604","17.12453","18.18926","19.38027","AMILI"
"BM000279","18.56749","17.76189","16.38003","17.38970","17.83580","16.99263","18.75185","16.90115","18.15218","19.29907","AMILI"
"BM000280","18.70485","17.90087","16.56392","17.45249","17.85934","17.02862","18.97647","17.07226","18.28891","19.47183","AMILI"
"BM000285","18.54382","17.44440","16.09090","17.03921","17.38162","16.58395","18.51482","16.37192","17.74993","19.15347","AMILI"
"BM000288","18.39493","17.55023","16.19964","17.25049","17.76422","16.69802","18.61821","16.63718","17.93305","19.12352","AMILI"
"BM000292","18.74842","17.79110","16.48004","17.50963","17.93920","17.20053","18.93025","17.12187","18.23601","19.41894","AMILI"
"BM000297","18.33193","17.41645","15.95936","17.18484","17.70149","16.62506","18.59568","16.59658","17.88213","19.13256","AMILI"
"BM000304","18.56169","17.66423","16.18496","17.27617","17.95666","16.66129","18.86977","16.59237","18.02136","19.40154","AMILI"
"BM000311","18.54134","17.62711","16.23217","17.36595","17.77329","16.77379","18.78704","16.92762","18.09831","19.40324","AMILI"
"BM000314","18.29263","17.41607","15.93326","17.15674","17.57696","16.58631","18.57686","16.48189","17.83330","19.12560","AMILI"
"BM000317","18.29510","17.35380","15.87121","17.11967","17.60726","16.50858","18.52973","16.40866","17.81900","19.12203","AMILI"
"BM000325","18.42415","17.61955","16.27337","17.09901","17.72592","16.73857","18.65754","16.42996","17.98067","19.20512","AMILI"
"BM000326","18.55800","17.64076","16.33554","17.27463","17.79741","16.92822","18.79900","16.76022","18.01091","19.28695","AMILI"
"BM000334","18.52322","17.67479","16.20986","17.39144","17.78643","16.97916","18.83130","16.89624","18.16841","19.24948","AMILI"
"BM000339","18.71472","17.79883","16.44608","17.45008","17.89118","17.06217","18.92846","17.06103","18.23461","19.51416","AMILI"
"BM000048","18.89605","17.86500","16.51923","17.70995","18.45676","17.08829","19.17297","17.17178","18.38074","19.34568","AMILI"
"BM000051","18.69092","17.77273","16.38003","17.56523","17.94038","17.09589","18.91928","17.02674","18.23495","19.42696","AMILI"
"BM000053","18.59299","17.72751","16.28491","17.32499","17.99651","16.86790","18.85382","16.95196","18.07675","19.37292","AMILI"
"BM000055","18.47512","17.54233","16.03234","17.34181","17.88221","16.79670","18.71589","16.92333","17.95446","19.24341","AMILI"
"BM000056","18.72563","17.77728","16.38300","17.58658","18.08384","17.15685","18.96080","17.08657","18.10731","19.41149","AMILI"
"BM000057","18.72508","17.79524","16.37736","17.52764","17.96112","17.12010","18.97044","17.08586","18.22869","19.43994","AMILI"
"BM000058","18.45932","17.58936","16.16501","17.26698","17.74918","16.85710","18.67143","16.88601","18.04493","19.17537","AMILI"
"BM000070","18.29361","17.38646","15.84917","17.23981","17.62376","16.74532","18.54581","16.72782","17.87411","19.08890","AMILI"
"BM000360","18.57476","17.69701","16.21395","17.39179","17.95193","16.95046","18.89441","16.88507","18.16712","19.39548","AMILI"
"BM000363","18.69307","17.83344","16.34151","17.56759","17.94055","17.40201","19.00352","16.92127","18.26067","19.33899","AMILI"
"BM000366","18.56553","17.67547","16.25030","17.27424","17.87912","16.68351","18.85229","16.63703","18.00586","19.41756","AMILI"
"BM000372","18.68323","17.74381","16.39301","17.53885","17.93347","17.12873","18.95053","17.05352","18.16543","19.37027","AMILI"
"BM000380","18.53368","17.66579","16.24302","17.30269","17.68347","17.02749","18.80862","16.93818","18.10369","19.24350","AMILI"
"BM000387","18.69494","17.83461","16.38979","17.44458","18.11075","17.00767","19.01559","16.72485","18.09997","19.39334","AMILI"
"BM000388","18.54219","17.71281","16.22643","17.36040","18.23080","16.75614","18.90866","16.61649","18.12706","19.28142","AMILI"
"BM000392","18.76571","17.82013","16.41498","17.58446","18.00772","17.33543","18.98734","16.94501","18.24304","19.35322","AMILI"
"BM000394","18.70352","17.75200","16.50630","17.65386","17.99703","17.27334","18.82230","17.05173","18.16524","19.22196","AMILI"
"BM000396","18.63739","17.70902","16.29479","17.53655","17.94691","17.21797","18.93389","17.08241","18.33852","19.36469","AMILI"
"BM000400","18.50176","17.53995","16.18916","17.24849","17.61582","16.92916","18.74009","16.80942","18.04989","19.16218","AMILI"
"BM000404","18.38672","17.45616","15.98904","17.21052","17.67339","16.56636","18.76318","16.62482","17.81758","19.37859","AMILI"
"BM000415","19.01860","18.06796","16.71144","17.69792","18.06383","17.57664","19.11060","17.14610","18.47514","19.51534","AMILI"
"BM000416","18.71360","17.81442","16.38173","17.49621","17.82258","17.21361","18.93798","17.07081","18.23233","19.42413","AMILI"
"BM000420","18.49937","17.59204","16.15084","17.25808","17.78965","16.75525","18.75014","16.58027","17.95085","19.29662","AMILI"
"BM000424","18.57254","17.69132","16.14955","17.20010","18.12354","16.45456","18.90686","16.01588","17.95772","19.44746","AMILI"
"BM000426","18.51065","17.58663","16.22253","17.34419","17.88059","16.89430","18.74259","16.85671","18.04161","19.27141","AMILI"
"BM000431","18.64041","17.74449","16.37141","17.40583","17.99920","16.96369","18.88143","16.70003","18.05269","19.28516","AMILI"
"BM000435","18.51147","17.60284","16.18836","17.33977","17.92536","16.82024","18.78383","16.84304","18.00445","19.29231","AMILI"
"BM000439","18.53472","17.61102","16.21412","17.31459","17.87231","16.89357","18.74573","16.76469","18.04042","19.32560","AMILI"
"BM000444","18.64150","17.70575","16.30795","17.43487","17.85857","17.06487","18.86462","16.90726","18.13170","19.36016","AMILI"
"BM000445","18.48374","17.56074","16.13113","17.29323","17.89214","16.78674","18.73362","16.84658","17.95153","19.29023","AMILI"
"BM000454","18.42382","17.51675","16.07492","17.28672","17.78378","16.80681","18.72872","16.71435","17.97614","19.20373","AMILI"
"BM000456","18.27565","17.47562","15.94402","16.90574","17.58446","16.56203","18.53503","16.43484","17.87741","19.09963","AMILI"
"BM000458","18.53330","17.61654","16.17484","17.38732","17.79420","17.00639","18.81936","16.90553","18.08886","19.29481","AMILI"
"BM000460","18.67109","17.77577","16.40814","17.59894","18.00956","17.07131","19.00264","17.27219","18.27856","19.49920","AMILI"
"BM000462","18.44147","17.55381","16.14947","17.11422","17.81573","16.66173","18.76417","16.36446","17.92363","19.22217","AMILI"
"BM000469","18.37908","17.40911","15.93072","16.99526","17.53593","16.91379","18.60210","16.37813","17.77657","18.89691","AMILI"
"BM000475","18.57235","17.67203","16.25768","17.33530","17.87671","16.86427","18.83141","16.75624","18.02980","19.32372","AMILI"
"BM000476","18.47356","17.54247","16.14666","17.28606","17.70433","16.92404","18.68889","16.70963","17.99150","19.14502","AMILI"
"BM000478","18.56350","17.66673","16.29496","17.30003","17.81808","16.91342","18.74932","16.78046","18.10184","19.30592","AMILI"
"BM000483","18.66936","17.72869","16.40194","17.46473","17.89502","17.08228","18.84013","16.78419","18.25477","19.38730","AMILI"
"BM000485","18.48828","17.57115","16.18544","17.29409","17.79552","16.86457","18.68238","16.61113","18.05810","19.17865","AMILI"
"BM000495","18.76678","17.81517","16.47724","17.58453","17.94434","17.28095","18.91844","16.90818","18.33671","19.39860","AMILI"
"BM000496","18.58212","17.66854","16.28815","17.44087","17.86204","17.05432","18.78458","16.82402","18.17102","19.24969","AMILI"
"BM000499","18.52132","17.60956","16.20567","17.33721","17.77212","16.92876","18.75619","16.80977","18.02487","19.23711","AMILI"
"BM000079","18.60279","17.68496","16.26380","17.44673","17.95314","16.98439","18.83954","17.10299","18.17189","19.41955","AMILI"
"BM000081","18.68508","17.78632","16.37976","17.50872","17.95158","16.87013","18.93762","16.99151","18.21364","19.53072","AMILI"
"BM000082","18.64800","17.71787","16.31400","17.41265","18.01057","16.73890","18.90460","16.99816","18.20661","19.55942","AMILI"
"BM000085","18.64990","17.73173","16.32072","17.46778","17.89573","17.02121","18.87544","17.15977","18.20013","19.41822","AMILI"
"BM000087","18.46066","17.49472","16.07567","17.25110","17.79853","16.79458","18.60915","16.93551","17.95016","19.28046","AMILI"
"BM000089","18.54447","17.65280","16.22705","17.38899","17.85017","16.87541","18.83968","17.02230","18.12813","19.35107","AMILI"
"BM000597","18.62797","17.75516","16.34941","17.28279","17.90561","16.96106","18.87480","16.81327","18.17554","19.43827","AMILI"
"BM000601","18.58124","17.72489","16.25515","17.33592","18.00219","16.80815","18.94665","16.70780","18.04140","19.41788","AMILI"
"BM000610","18.68376","17.81736","16.50055","17.39564","17.99527","17.09345","18.87485","17.03433","18.31424","19.40703","AMILI"
"BM000612","18.45961","17.58575","16.06903","17.13300","17.68342","16.62170","18.74849","16.54058","17.95656","19.32937","AMILI"
"BM000613","18.10482","17.21636","15.63991","17.08240","17.53819","16.41673","18.44775","16.32383","17.67139","18.95295","AMILI"
"BM000619","18.64898","17.78776","16.36264","17.30126","17.97542","16.97588","18.90630","16.81625","18.19345","19.44718","AMILI"
"BM000620","18.48805","17.56882","16.20761","17.19022","17.44602","17.01013","18.66523","16.44444","17.92179","18.99382","AMILI"
"BM000623","18.42487","17.58226","16.14793","17.21077","17.73708","16.66411","18.72752","16.63373","18.02208","19.25002","AMILI"
"BM000632","18.05731","17.06515","15.49246","16.64250","17.47308","16.45615","18.35972","15.76694","17.41939","18.57819","AMILI"
"BM000635","18.71159","17.76447","16.36284","17.57689","18.07548","17.18227","19.01794","16.94916","18.11336","19.43788","AMILI"
"BM000638","18.80384","17.85332","16.52664","17.57974","17.98425","17.14241","19.03125","17.26810","18.31226","19.56361","AMILI"
"BM000646","18.56399","17.67060","16.20617","17.38408","17.96106","16.69188","18.92987","16.71791","17.99666","19.38564","AMILI"
"BM000648","18.58370","17.71371","16.21625","17.49496","17.90790","16.96278","18.87534","17.08030","18.18399","19.42179","AMILI"
"BM000649","18.51043","17.64480","16.18172","17.43215","17.89381","16.88263","18.83104","17.08595","18.12644","19.38273","AMILI"
"BM000654","18.61502","17.65968","16.25317","17.43858","17.83776","17.13632","18.79934","16.94700","18.03382","19.24135","AMILI"
"BM000657","18.46905","17.52611","16.09441","17.34142","17.88560","16.64683","18.78566","16.86732","17.99583","19.33660","AMILI"
"BM000663","18.62502","17.74074","16.27824","17.39350","18.07425","16.86380","18.91172","16.73940","18.08503","19.43905","AMILI"
"BM000665","18.55519","17.68869","16.20570","17.44763","17.94182","16.87661","18.85118","17.02637","18.17733","19.43689","AMILI"
"BM000672","18.30049","17.42314","16.04776","17.23973","17.83447","16.53883","18.61818","16.72664","17.87815","19.14780","AMILI"
"BM000673","18.65132","17.74795","16.29641","17.50138","17.98323","16.99235","18.91098","17.22373","18.18952","19.53964","AMILI"
"BM000676","17.88281","17.00069","15.44668","16.94421","17.41443","16.21091","18.25996","16.39119","17.48561","18.73570","AMILI"
"BM000681","18.44775","17.57539","16.06464","17.29171","17.74898","16.74900","18.79256","16.99311","18.07753","19.35873","AMILI"
"BM000684","18.06897","17.17733","15.66639","17.01230","17.52286","16.35899","18.41551","16.54520","17.65693","18.92271","AMILI"
"BM000687","18.47823","17.62092","16.15481","17.15708","17.92294","16.57850","18.84071","16.29732","17.92025","19.28739","AMILI"
"BM000688","18.53010","17.61304","16.22591","17.23757","17.82329","16.54907","18.73192","16.65054","18.00820","19.43703","AMILI"
"BM000692","17.95253","17.02076","15.49415","16.94215","17.44230","16.19672","18.28483","16.31811","17.52806","18.76872","AMILI"
"BM000700","18.29997","17.43110","16.00496","16.88477","17.51602","16.52871","18.42239","16.32329","17.85925","19.17214","AMILI"
"BM000708","18.61961","17.64977","16.28994","17.33383","17.86061","16.85520","18.83116","16.89109","18.05534","19.44089","AMILI"
"BM000712","17.88891","16.97062","15.45193","16.92432","17.39773","16.18239","18.21993","16.10258","17.42107","18.64228","AMILI"
"BM000715","18.60889","17.66473","16.19891","17.31189","17.79419","16.92357","18.80333","16.74595","18.08928","19.40946","AMILI"
"BM000716","18.62950","17.70149","16.34034","17.51500","17.93100","16.97014","18.94679","17.13400","18.17626","19.42853","AMILI"
"BM000719","18.42564","17.51589","16.14632","17.34049","17.66362","16.87670","18.74744","16.87770","17.97627","19.13991","AMILI"
"BM000720","18.40373","17.50334","16.07474","17.11480","17.57284","16.73990","18.71134","16.42150","17.82701","19.13478","AMILI"
"BM000721","18.53931","17.66065","16.24578","17.37329","17.96743","16.77346","18.87178","16.90307","18.06302","19.45579","AMILI"
"BM000722","18.47907","17.61626","16.17957","17.21561","17.91533","16.62269","18.81370","16.83767","18.00055","19.39549","AMILI"
"BM000727","18.62548","17.73939","16.28834","17.31186","17.93594","16.78398","18.90813","16.78774","18.07961","19.44412","AMILI"
"BM000729","18.63008","17.69665","16.37877","17.32196","17.89599","16.91318","18.79838","16.89341","18.04117","19.36161","AMILI"
"BM000733","18.60865","17.71638","16.28115","17.41403","17.87774","16.92596","18.87379","17.11654","18.18807","19.43922","AMILI"
"BM000734","18.65237","17.73101","16.25339","17.30417","18.12674","16.77748","18.89040","16.58176","17.94882","19.45267","AMILI"
"BM000735","19.24947","18.08703","16.72011","17.50082","17.95238","16.79692","19.14499","17.13022","18.26472","19.90940","AMILI"
"BM000740","18.57867","17.66256","16.28608","17.41485","17.90710","16.84290","18.82338","17.02241","18.10897","19.43194","AMILI"
"BM000743","18.58278","17.72936","16.25586","17.35053","17.98488","16.84568","18.90892","16.87767","18.13417","19.45295","AMILI"
"BM000745","18.42325","17.56724","16.11178","17.21142","17.80796","16.60625","18.65193","16.81540","18.04086","19.36221","AMILI"
"BM000751","18.39724","17.52294","15.94359","17.05690","17.73610","16.57582","18.68131","16.39496","17.87334","19.33575","AMILI"
"BM000756","18.60873","17.65049","16.25042","17.36108","17.79555","16.92792","18.77877","16.77100","18.03688","19.39185","AMILI"
"BM000767","18.63214","17.74947","16.35819","17.44777","17.89950","17.02121","18.90732","17.12320","18.26507","19.47631","AMILI"
"BM000768","18.53525","17.65823","16.20557","17.34697","18.02608","16.69750","18.83270","16.75203","17.97774","19.36992","AMILI"
"BM000892","18.50760","17.68087","16.24672","17.30171","18.06260","16.60515","18.87989","16.56799","17.98476","19.36858","AMILI"
"BM000902","18.46619","17.52125","16.10096","17.15125","17.85819","16.71018","18.65468","16.80408","17.88548","19.27639","AMILI"
"BM000916","18.51893","17.63987","16.20173","17.25152","17.77111","16.86566","18.77943","16.70075","18.11282","19.30631","AMILI"
"BM000925","18.61970","17.89453","16.64982","17.31599","17.75309","17.16209","18.87864","16.69559","18.23114","19.15559","AMILI"
"BM000931","18.78038","17.90350","16.53250","17.49975","18.19003","17.04996","19.05280","16.85674","18.17527","19.46395","AMILI"
"BM000948","18.83127","17.88814","16.59919","17.59565","18.04918","17.37711","18.99960","17.05719","18.34510","19.38431","AMILI"
"BM000954","18.50706","17.61715","16.28155","17.26944","17.94134","16.79070","18.81911","16.69814","18.01299","19.32903","AMILI"
"BM001069","18.61089","17.70980","16.43734","17.44581","17.75682","17.03870","18.86209","17.04065","18.28247","19.28409","AMILI"
"BM001070","18.51464","17.68116","16.26195","17.30528","17.93054","16.71019","18.77832","16.81860","18.09611","19.41991","AMILI"
"BM001073","18.20801","17.28624","15.82459","16.93084","17.73748","16.44242","18.49107","16.22387","17.44536","18.91507","AMILI"
"BM001078","17.905431","16.853724","15.413527","16.962905","17.358522","16.340713","18.143572","16.143596","17.452224","18.606957","AMILI"
"BM001084","18.63077","17.74603","16.32843","17.41038","18.03439","16.82243","18.82849","16.92161","18.19550","19.51798","AMILI"
"BM001091","18.26450","17.31801","15.92876","17.15434","17.78053","16.48098","18.55766","16.50907","17.72746","19.03315","AMILI"
"BM001093","18.66720","17.72625","16.35317","17.51434","17.94212","17.16789","18.88735","16.98114","18.12338","19.30462","AMILI"
"BM001094","18.35260","17.45491","15.99718","17.19602","17.77173","16.70418","18.56917","16.51395","17.82599","19.07810","AMILI"
"BM001098","18.36339","17.49662","16.02331","17.08768","17.73760","16.55803","18.74599","16.23037","17.83478","19.12296","AMILI"
"BM001103","18.26716","17.35295","15.90971","17.17575","17.62769","16.63206","18.55461","16.57954","17.80507","19.02224","AMILI"
"BM001104","18.55143","17.66325","16.21189","17.40374","17.87265","16.97970","18.85643","16.92052","18.10978","19.30442","AMILI"
"BM001107","18.50907","17.60613","16.19157","17.31165","17.83125","16.92447","18.81334","16.77238","18.02336","19.24007","AMILI"
"BM001112","18.46378","17.59078","16.10068","17.22097","17.78321","16.83735","18.71668","16.64063","18.09679","19.30481","AMILI"
"BM001115","18.62915","17.74297","16.44436","17.36184","17.84189","17.17453","18.87146","16.91569","18.13876","19.30132","AMILI"
"BM001116","18.72725","17.81249","16.45232","17.52309","18.04507","17.26678","18.98931","16.89303","18.23740","19.35547","AMILI"
"BM001117","18.73354","17.98259","16.61258","17.48509","18.05871","17.20485","18.96720","17.00020","18.35069","19.39439","AMILI"
"BM001118","18.68797","17.81406","16.38706","17.58726","18.00628","17.18442","18.94003","17.06128","18.24622","19.39534","AMILI"
"BM001119","18.69129","17.95522","16.63933","17.48893","17.91496","17.28969","18.93857","16.78941","18.31597","19.16020","AMILI"
"BM001122","18.76226","17.82338","16.40471","17.57518","18.02242","17.30135","18.94649","17.10310","18.20847","19.35960","AMILI"
"BM001124","18.49457","17.59658","16.16534","17.24557","17.84793","16.79795","18.77857","16.54418","17.93593","19.25190","AMILI"
"BM001125","18.63673","17.73325","16.31916","17.40984","17.97741","16.96483","18.88027","16.93252","18.11452","19.39812","AMILI"
"BM001126","18.40643","17.51202","16.05832","17.17897","17.79541","16.62363","18.68143","16.66790","17.91811","19.24190","AMILI"
"BM001127","18.32434","17.44285","16.00856","17.12047","17.68861","16.57844","18.62462","16.58813","17.83725","19.13359","AMILI"
"BM001128","18.42031","17.57367","16.05717","17.19870","17.74830","16.75284","18.69920","16.65301","18.03185","19.28168","AMILI"
"BM001131","18.74161","17.78071","16.44026","17.51404","18.00087","17.08539","18.97746","16.91555","18.16604","19.43729","AMILI"
"BM001133","18.69927","17.78245","16.39503","17.46489","18.00667","17.07720","18.94258","16.85318","18.13120","19.36348","AMILI"
"BM001134","18.57909","17.64024","16.27586","17.31778","17.85435","16.85766","18.79946","16.72617","18.04548","19.34997","AMILI"
"BM001137","18.59190","17.71821","16.27686","17.32946","18.06405","16.76943","18.91786","16.54595","18.00360","19.39365","AMILI"
"BM001140","18.62968","17.75214","16.30476","17.38547","17.97640","16.90516","18.93535","16.73526","18.13156","19.41874","AMILI"
"BM001141","18.37004","17.46413","16.02872","17.17405","17.75864","16.67454","18.62825","16.46012","17.87870","19.15818","AMILI"
"BM001148","18.71656","17.79390","16.41384","17.50376","18.01479","17.11237","18.92510","17.07216","18.21072","19.44636","AMILI"
"BM001152","18.58938","17.68382","16.27902","17.33404","17.83789","16.90522","18.83244","16.78578","18.08286","19.35047","AMILI"
"BM001154","18.42289","17.49513","16.09778","17.30767","17.71602","16.81895","18.67854","16.77286","17.96431","19.16997","AMILI"
"BM001159","18.62407","17.70956","16.35652","17.42103","17.91847","16.98635","18.88379","16.97331","18.15482","19.39121","AMILI"
"BM001160","18.61507","17.68616","16.18213","17.28675","18.04542","16.84514","18.79766","16.71619","17.99287","19.46644","AMILI"
"BM001161","18.40781","17.47247","15.93249","17.01169","17.74210","16.52510","18.58552","16.31105","17.86016","19.32885","AMILI"
"BM001166","18.55736","17.68538","16.23365","17.32431","17.96337","16.81237","18.86161","16.68149","18.03639","19.35095","AMILI"
"BM001169","18.62672","17.72417","16.28231","17.40882","17.96108","16.98675","18.88022","16.86220","18.10970","19.37335","AMILI"
"BM001174","18.51890","17.60844","16.17582","17.28559","17.83300","16.83868","18.76081","16.64330","18.00588","19.27829","AMILI"
"BM001177","18.47348","17.53250","16.14944","17.29705","17.74822","16.90600","18.70070","16.67286","17.97484","19.12408","AMILI"
"BM001182","18.50576","17.56358","16.18857","17.24259","17.77910","16.81411","18.69557","16.67655","17.99367","19.27436","AMILI"
"BM001183","18.52711","17.57827","16.19302","17.27871","17.80886","16.85644","18.73270","16.76334","17.96612","19.21515","AMILI"
"BM001184","18.06181","17.26059","15.87587","17.00989","17.49004","16.51907","18.38115","16.22925","17.69416","18.68963","AMILI"
"BM001189","18.27511","17.38031","15.98232","17.20283","17.72712","16.59947","18.54756","16.75771","17.86568","19.09059","AMILI"
"BM001196","18.57326","17.65031","16.26656","17.37001","17.79995","17.01150","18.84538","16.81698","18.09264","19.27265","AMILI"
"BM001202","18.67410","17.75951","16.33347","17.39459","17.95705","16.86945","18.95882","17.14073","18.16759","19.53683","AMILI"
"BM001204","18.57279","17.71134","16.34250","17.37630","17.86662","16.92273","18.85227","16.97374","18.19693","19.36179","AMILI"
"BM001205","18.55451","17.67668","16.29379","17.36030","17.82118","16.89523","18.81437","17.03173","18.16214","19.37558","AMILI"
"BM001210","18.52021","17.67544","16.22675","17.31722","17.89027","16.76871","18.84120","16.91743","18.09931","19.36254","AMILI"
"BM001217","18.43887","17.55133","16.10092","17.29229","17.77158","16.71404","18.71847","16.86527","18.04301","19.30019","AMILI"
"BM001219","18.38938","17.48861","16.02166","17.23600","17.81464","16.66747","18.70544","16.61378","17.91423","19.13906","AMILI"
"BM001227","18.47832","17.56054","16.10491","17.28430","17.87565","16.76835","18.67098","16.52581","17.89307","19.23485","AMILI"
"BM001229","18.55515","17.70577","16.30416","17.14181","17.94407","16.88256","18.81278","16.73757","18.07574","19.39826","AMILI"
"BM001234","18.54396","17.82661","16.61173","17.32509","17.82241","16.91704","18.77589","16.67391","18.18786","19.14882","AMILI"
"BM001239","18.62835","17.78865","16.37099","17.33329","17.99215","16.90316","18.88178","16.83674","18.15846","19.45273","AMILI"
"BM001240","18.69661","17.79429","16.53247","17.41253","17.91792","17.16147","18.84887","17.00066","18.18309","19.33942","AMILI"
"BM001242","18.80301","17.96756","16.65117","17.59275","17.83680","17.43249","19.00567","16.89039","18.35574","19.33592","AMILI"
"BM001244","18.65239","17.74654","16.48453","17.39192","17.84855","17.07584","18.82189","16.96151","18.22321","19.38198","AMILI"
"BM001248","18.73455","17.79742","16.43083","17.56646","18.00220","17.20271","18.96645","17.12990","18.26426","19.43373","AMILI"
"BM001250","18.60250","17.67194","16.30589","17.35600","18.04855","16.70387","18.88368","16.69481","18.01329","19.37520","AMILI"
"BM001253","18.32460","17.43356","15.97436","17.17437","17.90462","16.43710","18.62570","16.46172","17.75384","19.09889","AMILI"
"BM001259","18.47898","17.67159","16.26367","17.24080","17.71178","16.91938","18.78599","16.59131","18.14490","19.17045","AMILI"
"BM000113","18.42362","17.66468","16.28614","17.13169","17.75286","16.70151","18.67009","16.58778","18.06550","19.27392","AMILI"
"BM000115","18.20047","17.42221","16.01009","17.01457","17.59941","16.55537","18.56388","16.45640","17.84638","19.01681","AMILI"
"BM000118","18.62458","17.83042","16.49861","17.31644","17.95244","16.95773","18.94302","16.96507","18.28153","19.47481","AMILI"
"BM001352","18.85279","18.00849","16.69103","17.51234","18.02627","17.45660","19.08357","16.87554","18.36618","19.28053","AMILI"
"BM000132","18.54720","17.63641","16.22376","17.26339","17.81071","16.68195","18.78320","16.72335","18.01829","19.39552","AMILI"
"BM000136","18.75437","17.76508","16.47877","17.60728","18.03080","17.13761","18.92086","17.21082","18.19617","19.49964","AMILI"
"BM000138","18.46449","17.54615","16.12701","17.24537","17.71747","16.84878","18.67950","16.74681","17.99803","19.26300","AMILI"
"BM001376","18.78756","17.83159","16.46967","17.64368","18.02252","17.25768","19.04112","17.10941","18.21616","19.44554","AMILI"
"BM001400","18.54888","17.64995","16.33573","17.32285","17.68655","17.02962","18.74950","16.78647","18.02533","19.24011","AMILI"
"BM001407","18.348480","17.512145","16.029063","17.103915","17.472262","16.276704","18.470398","16.024283","17.803226","19.271658","AMILI"
"BM001413","18.59620","17.71180","16.40131","17.44103","18.13673","16.83381","18.84278","16.87924","18.09983","19.37036","AMILI"
"BM000152","18.48206","17.63358","16.16310","17.13168","17.85594","16.40614","18.77885","16.08582","17.91587","19.38767","AMILI"
"BM000154","18.83588","17.86739","16.47656","17.66691","17.94156","17.34911","19.12012","17.19243","18.32396","19.46411","AMILI"
"BM000158","18.70544","17.80027","16.36912","17.52023","17.90073","17.11699","18.94909","17.11664","18.21663","19.50002","AMILI"
"BM001952","18.46877","17.62648","16.18373","17.24110","17.86217","16.78811","18.80009","16.88096","18.23026","19.38922","AMILI"
"BM001964","18.58124","17.73721","16.25330","17.39500","17.83334","17.01846","18.84314","17.08498","18.23058","19.40416","AMILI"
"BM001973","18.62315","17.61402","16.18674","17.24428","17.50144","17.18144","18.65010","16.45426","18.05237","18.99896","AMILI"
"BM001974","18.73808","17.75692","16.32989","17.46921","18.12292","17.22994","18.84801","17.05679","17.98735","19.41385","AMILI"
"BM001976","18.75067","17.85010","16.44528","17.58533","18.05397","17.23772","18.96054","17.07530","18.26563","19.43923","AMILI"
"BM001977","18.76899","17.75769","16.36247","17.60824","17.87390","17.29592","18.95238","17.18002","18.21698","19.43924","AMILI"
"BM001703","18.74915","17.87657","16.43583","17.46111","17.82742","17.32672","18.99346","16.59492","18.28655","19.32744","AMILI"
"BM001706","18.67558","17.81225","16.38232","17.44624","17.94776","17.10237","18.94373","16.84526","18.19473","19.38674","AMILI"
"BM001710","18.50375","17.61521","16.15927","17.29889","17.74901","16.81915","18.77831","16.70165","18.01622","19.26942","AMILI"
"BM001716","19.05515","18.00374","16.64836","17.81405","17.99208","17.68556","19.13999","17.47816","18.43889","19.70924","AMILI"
"BM001724","18.72747","17.74020","16.39713","17.38418","17.92912","17.09251","18.83721","16.99581","18.13335","19.36985","AMILI"
"BM001731","18.52600","17.69036","16.18077","17.23820","17.95624","16.69789","18.85630","16.43081","18.01580","19.32493","AMILI"
"BM001736","18.74018","17.84704","16.35133","17.47198","17.99387","17.20698","18.94785","16.93822","18.20730","19.44028","AMILI"
"BM001923","18.11326","17.19106","15.65064","17.10233","17.61384","16.51603","18.41074","16.50058","17.67885","18.88575","AMILI"
"BM001933","18.69783","17.83318","16.42600","17.49811","17.82701","17.28423","18.88502","16.96278","18.23687","19.28174","AMILI"
"BM001942","18.84765","17.90340","16.47452","17.75880","17.94731","17.64026","19.09898","17.19068","18.33368","19.40449","AMILI"
"BM001943","18.81931","17.87641","16.49575","17.66560","17.94578","17.47843","19.07637","17.14608","18.31316","19.40864","AMILI"
"BM001948","18.978364","17.993213","16.595890","17.798079","17.990524","17.692523","19.140236","17.275684","18.442321","19.513969","AMILI"
"SRR9606838","17.67953","16.81098","15.27254","16.81495","17.17732","16.35526","18.05277","15.54440","17.32470","18.06784","Public"
"SRR9606839","17.913467","17.088446","15.543390","17.001408","17.338232","16.697394","18.271304","16.010200","17.546015","18.344729","Public"
"SRR9606840","16.818343","16.018315","14.115974","16.402538","16.918419","15.427408","17.400200","14.672232","16.630194","17.335098","Public"
"SRR9606841","18.67369","17.71257","16.33449","17.52423","18.06408","17.37957","18.89095","16.79906","18.35023","19.05899","Public"
"SRR9606842","17.413661","16.614894","14.946604","16.672543","17.107252","15.979097","17.850936","15.528032","17.171484","18.000407","Public"
"SRR9606843","19.045146","18.100655","16.707071","17.712917","18.036860","17.909637","19.199936","17.042533","18.500932","19.315132","Public"
"SRR9606844","18.58938","17.62237","16.37736","17.12190","17.66112","16.96853","18.55472","16.13890","18.15861","19.13617","Public"
"SRR9606845","17.40912","16.54978","14.93959","16.54030","17.01165","15.96378","17.76704","15.46024","17.04898","17.91200","Public"
"SRR9606846","18.24928","17.32320","16.02120","17.12655","17.43538","16.93058","18.36723","16.27494","17.68298","18.44136","Public"
"SRR9606847","17.405166","16.654558","14.762556","16.677295","17.270626","16.242405","18.119838","14.929487","17.307574","18.015723","Public"
"SRR9606906","17.486097","16.576546","15.013870","16.835416","17.212067","16.295579","17.897625","15.544318","17.115509","17.833247","Public"
"SRR9606907","17.98436","17.10759","15.71153","16.94530","17.18844","16.69794","18.19651","16.19647","17.55615","18.44811","Public"
"SRR9606908","18.43116","17.41723","16.13232","17.28277","17.71495","17.06935","18.52086","16.72675","18.20698","18.99424","Public"
"SRR9606909","18.71238","17.77629","16.43375","17.63414","17.94575","17.64258","18.96868","16.84527","18.28394","19.12450","Public"
"SRR9606910","17.69750","16.82147","15.28479","16.82231","17.22320","16.33217","18.05658","15.63306","17.31054","18.11081","Public"
"SRR9606911","18.27034","17.46296","15.86824","17.16106","17.51975","16.82224","18.56256","16.40584","17.95365","18.85245","Public"
"SRR9606912","18.54060","17.69052","16.26561","17.49650","17.76371","17.30494","18.83813","16.48499","18.15556","18.96836","Public"
"SRR9606913","18.60445","17.73773","16.34854","17.44842","17.74246","17.41808","18.85208","16.58006","18.09990","18.97145","Public"
"SRR9606914","16.844831","16.063020","14.110267","16.458712","16.859799","15.617442","17.457505","14.726324","16.672350","17.348883","Public"
"SRR9606915","18.77537","17.85121","16.47240","17.60032","17.98539","17.64743","19.02351","17.03539","18.29058","19.24657","Public"
"SRR9606928","18.11408","17.25761","15.79150","17.21336","17.53656","16.95748","18.48086","16.24929","17.79455","18.41095","Public"
"SRR9606929","18.72864","17.93586","16.42415","17.67047","17.93938","17.66672","19.06349","16.65425","18.49042","19.11485","Public"
"SRR9606930","18.52863","17.67706","16.25231","17.45021","17.64078","17.41660","18.82251","16.42395","18.03096","18.81599","Public"
"SRR9606931","18.66342","17.89964","16.25435","17.51034","17.85792","17.35979","18.88718","16.86052","18.35381","19.24879","Public"
"SRR9606932","18.25921","17.45854","15.89085","17.18303","17.55176","16.89053","18.49513","16.43477","17.97839","18.88739","Public"
"SRR9606933","19.206615","18.212464","16.940769","17.996738","18.175168","17.997465","19.309173","17.100035","18.620182","19.439129","Public"
"SRR9606934","16.992518","16.179640","14.408013","16.477960","16.914511","15.567340","17.459711","14.862632","16.736984","17.496684","Public"
"SRR9606935","17.74521","16.92880","15.35286","16.81439","17.21222","16.28403","18.04560","15.97014","17.46079","18.40756","Public"
"SRR9606936","18.47975","17.56652","16.09431","17.37049","17.82625","17.09560","18.67054","16.71468","18.04626","19.09991","Public"
"SRR9606994","18.32836","17.54162","15.98273","17.36272","17.79589","17.28782","18.77239","16.23866","17.97842","18.72604","Public"
"SRR9606995","18.72278","17.90799","16.39660","17.67766","17.88062","17.65946","19.03275","16.70197","18.25881","19.05945","Public"
"SRR9606996","17.836395","16.961590","15.468917","17.022124","17.350452","16.727433","18.268345","15.944198","17.460340","18.210153","Public"
"SRR9606997","17.46625","16.71218","14.85824","16.69726","17.28707","16.30576","18.18591","14.90076","17.36310","18.07397","Public"
"SRR9606998","18.34300","17.50020","16.01620","17.06815","17.59535","16.89972","18.48537","16.69471","17.93702","18.99697","Public"
"SRR9606999","18.75910","17.87920","16.50501","17.64379","17.80731","17.67993","19.08579","16.67227","18.28966","19.05468","Public"
"SRR9607000","18.08825","17.27072","15.75685","16.92987","17.27461","16.83420","18.26284","15.94165","17.65731","18.35213","Public"
"SRR9607001","18.31073","17.41734","16.04511","17.21584","17.60657","17.07878","18.54324","16.41678","18.06045","18.72264","Public"
"SRR9607002","18.42963","17.50328","15.36781","17.69568","17.92168","17.27477","19.12526","16.38350","18.52724","18.98526","Public"
"SRR9607003","17.73174","16.85856","15.33536","16.83736","17.20340","16.40710","18.08423","15.59397","17.37909","18.11781","Public"
"SRR9607024","17.31322","16.49966","14.86239","16.56196","16.98407","15.93294","17.71442","15.06208","16.95074","17.71300","Public"
"SRR9607025","18.46666","17.65288","16.10283","17.32042","17.73220","17.11264","18.76108","16.80772","18.19841","19.17052","Public"
"SRR9607028","18.911047","17.978002","16.670627","17.803694","17.977963","17.919523","19.202696","16.926171","18.409044","19.118954","Public"
"SRR9607029","17.606228","16.751969","15.171050","16.831520","17.210390","16.366701","18.040302","15.696283","17.315207","18.070101","Public"
"SRR9607030","18.67768","17.77277","16.38471","17.56919","17.91169","17.54696","18.96338","16.92869","18.25429","19.09589","Public"
"SRR9607031","18.13278","17.32019","15.71078","17.05688","17.47009","16.81507","18.41246","16.11447","17.82563","18.65025","Public"
"SRR9607032","17.94650","17.10341","15.46091","16.97136","17.49103","16.48452","18.34972","15.96824","17.71533","18.66273","Public"
"SRR9607033","18.13424","17.27567","15.84360","17.03121","17.38909","16.68933","18.37527","16.16402","17.75120","18.64144","Public"
"SRR9607034","18.38638","17.43987","16.15020","17.17589","17.50583","17.11613","18.50109","16.45724","18.08612","18.85046","Public"
"SRR9607039","17.712465","16.789929","15.319155","16.964551","17.337216","16.573270","18.057686","15.893313","17.277845","18.052478","Public"
"SRR9607040","17.958693","17.135953","15.587330","17.028707","17.366078","16.709125","18.304645","16.035373","17.586197","18.402793","Public"
"SRR9607041","18.57718","17.59282","16.31678","17.36570","17.65204","17.38160","18.75524","16.61486","18.42270","19.03174","Public"
"SRR9607042","18.21019","17.45289","15.96277","16.96168","17.47601","16.54381","18.49048","16.07019","17.96585","18.94679","Public"
"SRR9607043","18.41602","17.59417","16.15113","17.38147","17.60853","17.31896","18.71267","16.56346","18.08428","18.86543","Public"
"SRR9607044","18.61820","17.73844","16.37026","17.56335","17.76109","17.52516","18.92790","16.69036","18.16464","18.96405","Public"
"SRR9607085","17.82959","17.08933","15.43259","16.90749","17.37986","16.37631","18.19012","16.14787","17.64090","18.54724","Public"
"SRR9607086","18.24604","17.32790","15.97543","17.13517","17.58258","17.01244","18.47960","16.58097","18.13035","18.72130","Public"
"SRR9607089","18.31392","17.56380","16.06984","17.15782","17.47888","17.08968","18.57335","16.15114","17.93540","18.71335","Public"
"SRR9607090","17.20988","16.38161","14.65071","16.57377","17.08158","15.79726","17.59822","15.11053","16.83645","17.66210","Public"
"SRR9607091","18.35879","17.51816","16.08281","17.32792","17.58309","17.28650","18.68495","16.51863","18.03415","18.75714","Public"
"SRR9607092","17.97702","17.17202","15.65883","16.87920","17.22275","16.66047","18.27367","16.18221","17.62400","18.54914","Public"
"SRR9607175","18.64682","17.77301","16.36920","17.50440","17.81090","17.36293","18.80179","16.71850","18.17838","18.96683","Public"
"SRR9607176","18.53449","17.70650","16.19435","17.46180","17.67055","17.39631","18.81839","16.43154","18.08986","18.90324","Public"
"SRR9607177","18.79905","17.88255","16.48600","17.67057","17.87779","17.78161","19.03215","16.61151","18.26232","19.07158","Public"
"SRR9607178","17.50083","16.60371","15.00745","16.76264","17.18772","16.23077","17.92380","15.38948","17.21827","17.93847","Public"
"SRR9607179","17.833555","16.918806","15.418662","17.037706","17.343524","16.748854","18.202521","15.739158","17.387046","18.091928","Public"
"SRR9607180","18.81101","17.86099","16.60114","17.81145","18.10116","17.85209","19.09412","17.13371","18.41919","19.11736","Public"
"SRR9607181","18.53680","17.67256","16.24986","17.45681","17.66632","17.37736","18.80426","16.57139","18.10527","18.88039","Public"
"SRR9607182","18.44209","17.60687","16.18449","17.36103","17.66433","17.21021","18.71070","16.52651","18.00080","18.79326","Public"
"SRR9607183","18.29591","17.38277","16.03172","17.20033","17.52498","17.07622","18.53000","16.26685","17.99575","18.67197","Public"
"SRR9607184","18.83221","17.85890","16.55052","17.72992","17.95862","17.87766","19.05487","16.84269","18.41025","19.12478","Public"
"SRR9607198","17.75364","16.90495","15.34100","16.89630","17.26431","16.40496","18.07361","15.85620","17.34679","18.23189","Public"
"SRR9607199","18.51593","17.62409","16.27136","17.44769","17.79421","17.42877","18.77859","16.71992","18.07527","18.85471","Public"
"SRR9607204","17.159865","16.341368","14.636630","16.572029","17.045258","15.734880","17.580237","15.179088","16.850158","17.678796","Public"
"SRR9607205","18.23845","17.51391","15.89562","17.13121","17.59831","16.70668","18.48735","16.73023","18.09116","19.09470","Public"
"SRR9607206","18.60855","17.74703","16.28385","17.51168","17.85422","17.29088","18.82107","16.68066","18.20279","19.06826","Public"
"SRR9607207","18.20914","17.38334","15.86645","17.00359","17.37039","16.85422","18.46100","16.09177","17.74696","18.75092","Public"
"SRR9607208","17.47329","16.66442","15.05986","16.69087","17.13997","16.04107","17.88943","15.38436","17.18638","17.94605","Public"
"SRR9607209","18.54558","17.80135","16.20518","17.44500","18.02393","17.07808","18.75502","16.85192","18.23283","19.28425","Public"
"SRR9607210","18.67406","17.78882","16.35289","17.51685","17.65543","17.46352","18.90407","16.47905","18.22600","19.02946","Public"
"SRR9607211","18.48461","17.60682","16.17952","17.41049","17.67684","17.35040","18.76872","16.63218","18.06915","18.92925","Public"
"SRR9607236","17.72601","16.98031","15.31239","16.84977","17.30514","16.27514","18.11128","15.99687","17.51295","18.41576","Public"
"SRR9607248","17.44419","16.59010","15.01453","16.69668","17.01709","15.96709","17.87568","15.58655","17.14039","17.98628","Public"
"SRR9607271","18.33174","17.55799","15.72398","17.12233","17.63557","16.93181","18.48511","16.71490","18.14445","18.92390","Public"
"SRR9607272","18.570429","17.644059","16.298453","17.510782","17.866672","17.368483","18.800703","16.846716","18.084379","19.007293","Public"
"SRR9607279","18.62329","17.69541","16.26668","17.44512","17.75414","17.40902","18.81258","16.66334","18.17252","18.96605","Public"
"SRR9607280","18.07153","17.26462","15.73122","16.91773","17.36302","16.62557","18.29178","16.32034","17.73886","18.70514","Public"
"SRR9607281","17.028487","16.178280","14.421153","16.528670","16.962503","15.724317","17.519167","14.974925","16.742486","17.468000","Public"
"SRR9607282","18.81793","17.94260","16.49210","17.65167","17.82111","17.66522","19.05827","16.35892","18.37059","19.17517","Public"
"SRR9607283","17.77943","16.95654","15.30483","16.90992","17.27817","16.45419","18.14287","15.66640","17.44566","18.23646","Public"
"SRR9607284","18.56234","17.63154","16.20969","17.29174","17.69463","17.47677","18.80279","16.50504","17.96714","18.74126","Public"
"SRR9607285","17.820025","16.998394","15.430083","16.939967","17.279522","16.568212","18.187063","15.867621","17.460756","18.249156","Public"
"SRR9607286","18.62963","17.77327","16.37244","17.53143","17.86621","17.48072","18.83179","16.87617","18.14810","18.99766","Public"
"SRR9607327","18.96026","18.01469","16.65068","17.79871","18.08336","17.74082","19.06158","17.06093","18.42235","19.18290","Public"
"SRR11574864","17.96402","17.16430","15.49288","16.92894","17.59024","16.51036","18.39786","16.04344","17.73305","18.73774","Public"
"SRR11574868","18.765908","17.786694","16.347162","17.613312","18.188967","17.338718","18.971761","17.336476","18.155181","19.531709","Public"
"SRR11574870","18.159327","17.399367","15.832072","17.094735","17.622390","16.732701","18.495437","16.519071","17.994805","18.909334","Public"
"SRR11574871","18.30024","17.46733","16.06318","17.18381","17.46717","16.83570","18.58277","16.11241","17.99515","18.83754","Public"
"SRR11574872","17.94593","17.08950","15.61397","17.09346","17.46614","16.66741","18.31598","16.33585","17.55502","18.41891","Public"
"SRR11574873","18.65870","17.72575","16.25254","17.67318","17.96621","17.59802","18.98448","16.94336","18.31501","18.98007","Public"
"SRR11574875","18.18543","17.41120","15.89595","17.01786","17.58281","16.65485","18.44409","16.57462","17.96334","18.95994","Public"
"SRR11574876","18.44938","17.51866","16.17202","17.28495","17.74768","17.01614","18.69440","16.60425","17.87798","18.93308","Public"
"SRR11574879","17.80073","17.06881","15.29939","16.87155","17.53236","16.38207","18.29452","15.86879","17.62928","18.46887","Public"
"SRR11574884","17.63026","16.84018","15.23454","16.98517","17.46856","16.20345","18.07339","16.12497","17.37927","18.29752","Public"
"SRR11574885","18.33090","17.45676","16.01711","17.28192","17.69649","16.94782","18.55650","16.65609","17.98179","18.90294","Public"
"SRR11574886","18.125687","17.195756","15.673059","17.145626","17.736407","16.784827","18.375822","16.313365","17.563574","18.579998","Public"
"SRR11574887","17.657575","16.973230","15.101042","16.907125","17.505373","16.327441","18.245740","15.760100","17.511509","18.377694","Public"
"SRR11574888","17.639155","16.899502","15.083476","16.954923","17.668197","16.352808","18.167547","15.837536","17.438976","18.297154","Public"
"SRR13921607","18.82723","17.72274","16.30694","17.67168","17.74589","17.39366","18.98272","17.51762","18.19128","19.75125","Public"
"SRR13921618","18.61265","17.70089","16.22115","17.26723","17.90440","16.96238","18.87536","17.05732","18.12585","19.45703","Public"
"SRR13921619","18.53534","17.60282","16.12065","17.29084","17.74166","16.92807","18.81599","17.21025","18.16745","19.40314","Public"
"SRR13921620","17.76390","16.78992","15.36378","16.49316","16.66659","16.39190","18.13267","15.80948","17.11503","18.31737","Public"
"SRR13921621","18.44942","17.47886","16.03671","17.42982","17.62567","16.88823","18.80177","17.14305","18.03423","19.36643","Public"
"SRR13921630","18.55613","17.67432","16.42833","17.39174","18.06214","16.58693","18.61558","17.11496","18.18506","19.51185","Public"
"SRR13921641","18.50563","17.57010","16.10588","17.33012","17.77028","16.93603","18.81227","17.24023","18.10372","19.42916","Public"
"SRR13921652","18.56672","17.67758","16.19015","17.12691","17.85374","16.92887","18.70688","16.70762","18.26726","19.35224","Public"
"SRR13921659","18.41607","17.53593","16.06531","17.22942","17.64088","16.77477","18.67443","17.25925","18.09162","19.36686","Public"
"SRR13921660","18.53300","17.67323","16.25775","17.15689","18.05878","16.44944","18.86919","16.84712","18.00160","19.42647","Public"
"SRR13921661","18.77326","17.76247","16.39551","17.70050","17.98928","17.20251","19.00227","17.43319","18.31743","19.74044","Public"
"SRR13921662","18.69822","17.72176","16.38811","17.33241","17.97979","16.92780","18.90135","17.07893","18.22754","19.57270","Public"
"SRR13921663","18.45758","17.57741","16.03481","17.09456","17.69631","16.85090","18.69161","17.13316","18.04625","19.38156","Public"
"SRR13921664","18.65771","17.69924","16.39690","17.41718","18.04544","16.94184","18.90990","17.32447","18.22014","19.50949","Public"
"SRR13921665","18.59262","17.69923","16.15294","17.11343","17.79464","16.80824","18.79580","17.09432","18.05103","19.48733","Public"
"SRR13921666","18.62778","17.72894","16.57594","17.60861","18.31065","16.80393","18.76860","17.34041","18.27465","19.54651","Public"
"SRR13921677","18.33390","17.44622","16.08121","17.13793","17.58363","16.69987","18.57160","16.85926","17.96123","19.05296","Public"
"SRR13921688","18.60136","17.67571","16.21273","17.31600","17.77863","16.99696","18.83699","17.16649","18.13475","19.51193","Public"
"SRR13921690","18.51016","17.59601","16.24138","17.42065","17.82074","17.04389","18.78023","17.10797","18.13831","19.31164","Public"
"SRR13921691","18.49386","17.57658","16.09072","17.26233","17.69897","16.89519","18.77988","17.20609","18.14339","19.36516","Public"
"SRR13921692","18.50213","17.57513","16.06067","17.32501","17.69320","17.01862","18.74127","17.13286","18.14071","19.43296","Public"
"SRR13921693","18.76619","17.72370","16.19456","17.61674","17.71228","17.37991","18.93759","17.12185","18.26834","19.71088","Public"
"SRR13921694","18.77996","17.76933","16.47136","17.61097","18.07130","17.08178","19.07632","17.43833","18.26362","19.67742","Public"
"SRR13921695","18.53446","17.61510","16.21866","17.48363","17.86578","16.91237","18.73105","16.99461","18.18068","19.50221","Public"
"SRR13921696","18.79037","17.85359","16.27066","17.43716","18.10628","17.21179","18.80410","17.47511","18.36746","19.74194","Public"
"SRR13921697","18.31693","17.49215","16.00856","17.02463","17.57444","16.68052","18.59471","16.99260","18.03848","19.12252","Public"
"SRR13921698","18.45949","17.59566","16.22802","17.27688","17.81979","16.62685","18.82201","17.11249","18.02648","19.34120","Public"
"SRR13921699","18.19862","17.26022","15.90009","17.22647","17.45870","16.40647","18.63615","16.90161","17.91480","19.05099","Public"
"SRR13921700","18.488681","17.597303","16.137050","17.195698","17.802991","16.839666","18.711704","17.060548","18.113520","19.419020","Public"
"SRR13921701","18.497084","17.614214","16.458056","17.576314","18.282579","16.738190","18.648757","17.339712","18.212070","19.451644","Public"
"SRR13921702","18.69501","17.73815","16.13364","17.14984","17.94949","16.93178","18.89064","17.05556","18.14775","19.58574","Public"
"SRR13921703","18.43013","17.53834","16.13708","17.19035","17.73679","16.73221","18.73472","17.09618","18.04929","19.27540","Public"
"SRR13921704","18.26122","17.39462","15.93295","17.22468","17.55241","16.76584","18.61491","16.82271","17.96956","19.04853","Public"
"SRR13921705","18.29171","17.43383","15.93090","17.05649","17.50153","16.70566","18.57477","16.98939","17.97606","19.16002","Public"
"SRR13921706","18.49613","17.58587","16.10533","17.28470","17.79407","16.94242","18.76982","17.13294","18.03899","19.40991","Public"
"SRR13921707","18.80026","17.78290","16.41537","17.60853","17.78458","17.30485","18.99700","17.40270","18.28568","19.68130","Public"
"SRR13921708","18.28011","17.44806","15.96728","17.13613","17.50680","16.69916","18.58425","16.85803","18.00758","19.09867","Public"
"SRR13921709","18.431588","17.560728","16.064746","17.172224","17.751749","16.726878","18.683104","17.147726","18.088448","19.395916","Public"
"SRR13921710","18.79324","17.78009","16.28458","17.49917","17.84788","17.30689","18.97129","17.29482","18.24129","19.77911","Public"
"SRR13921721","18.65959","17.69132","16.25336","17.42644","17.80008","17.12511","18.90441","17.31429","18.13986","19.63246","Public"
"SRR13921732","18.59747","17.66090","16.18931","17.37864","17.74895","17.04063","18.82462","17.09923","18.16661","19.42866","Public"
"SRR13921739","18.40908","17.53536","16.12844","17.11736","17.81039","16.56330","18.78435","16.77442","17.97055","19.35241","Public"
"SRR13921740","18.30812","17.43249","16.04416","17.10296","17.55420","16.69067","18.55159","16.80156","17.94716","18.99839","Public"
"SRR13921741","18.51369","17.62108","16.33294","17.39154","18.17979","16.70031","18.67089","17.27852","18.19364","19.46629","Public"
"SRR13921743","18.53741","17.59326","16.01446","17.41732","17.76789","16.99162","18.82991","17.31023","18.10552","19.41853","Public"
"SRR13921744","18.69800","17.67945","16.08969","17.64090","17.68352","17.30446","18.95133","17.36545","18.24602","19.66317","Public"
"SRR13921745","18.61622","17.69829","16.23834","17.26051","17.83097","16.95634","18.81831","17.13685","18.18235","19.46327","Public"
"SRR13921746","18.40530","17.46381","16.07175","17.27651","17.66825","16.72467","18.69523","16.90927","17.96956","19.34830","Public"
"SRR13921747","18.695505","17.686042","16.297399","17.616675","17.721176","17.299953","18.959962","17.350574","18.174100","19.502634","Public"
"SRR13921748","18.54529","17.66166","16.11632","16.96453","17.62775","16.97122","18.56189","17.15588","18.09781","19.45856","Public"
"SRR13921749","18.69355","17.75369","16.28944","17.47082","17.82702","17.16914","18.88435","17.34849","18.21720","19.57816","Public"
"SRR13921757","18.75078","17.75444","16.41979","17.28366","18.01073","17.05822","18.94741","17.18537","18.32773","19.50090","Public"
"SRR13921768","18.86727","17.86534","16.47395","17.56790","17.95673","17.25526","19.04919","17.44744","18.34984","19.78717","Public"
"SRR13921769","18.72498","17.71562","16.39497","17.46250","17.80938","17.24575","18.91114","17.23824","18.16552","19.48196","Public"
"SRR13921770","18.44019","17.57152","16.09052","17.11661","17.71824","16.84811","18.69007","17.07092","18.04245","19.24613","Public"
