"","GABA","Serotonin","Tryptophan","Trimethylamine N-oxide (TMAO)","Indole & Indole Derivatives","Cysteine Derivatives","Bile Acid Pool","Imidazole Propionate","Oxidative stress","Branched Chain Amino Acids","Butyrate (SCFA)","Lactate","Carbohydrates","Proteins","Fats","Vitamin B1","Vitamin B6","Vitamin B7","Vitamin B9","Vitamin B12"
"BM000175","16.73945","11.78943","17.87476","16.28359","10.46639","17.77464","15.68653","13.17072","13.00590","17.29461","18.27665","19.55691","18.59299","17.70553","16.21208","17.51816","17.99720","16.90394","18.81445","16.98230"
"BM000179","16.75988","12.03729","17.77871","16.10286","12.24599","17.58483","16.10184","14.27245","12.73494","17.26363","18.13959","19.59252","18.68811","17.75114","16.37281","17.41366","17.89338","16.75412","18.87613","16.77181"
"BM000186","16.74356","12.04720","17.69779","16.06897","12.97253","17.69255","15.71620","14.07765","13.31851","17.19032","18.17456","19.40948","18.61037","17.69846","16.32750","17.42398","17.83996","16.96763","18.87416","17.04117"
"BM000201","16.92516","12.31511","17.83177","15.92088","14.15745","17.73020","16.40602","15.60641","13.02121","17.31169","18.36253","19.55615","18.86188","17.89498","16.62766","17.65494","18.09744","17.24561","19.06735","17.12747"
"BM000214","16.54796","12.28595","17.34826","15.49547","14.49251","17.26745","15.97092","15.31416","13.33116","16.97611","17.95060","19.17220","18.45149","17.54850","16.21531","17.01744","17.69966","16.68661","18.59351","16.66914"
"BM000217","16.10350","11.27640","17.08209","14.87828","12.71968","16.80881","15.03626","11.85993","11.31461","16.51112","17.49794","18.73507","17.87568","17.05076","15.55158","16.83879","17.59209","16.03187","18.28805","16.02827"
"BM000219","16.71838","12.07313","17.67589","15.82683","13.40564","17.51166","15.69760","15.09017","13.24042","17.15471","18.12220","19.32506","18.62490","17.68398","16.34061","17.48673","17.82735","16.98882","18.90920","16.96101"
"BM000227","16.55749","11.94856","17.56795","15.86528","13.11574","17.48954","15.23370","14.21795","12.73910","17.04065","18.00769","19.18523","18.40900","17.52765","16.17388","17.35037","17.74211","16.75019","18.73688","16.93899"
"BM000228","16.66236","12.24364","17.63213","15.93646","13.36926","17.55550","15.57145","14.73793","13.11707","17.12492","18.11733","19.29976","18.53602","17.64881","16.30339","17.37058","17.78260","16.88573","18.79287","16.93132"
"BM000235","16.60072","12.12308","17.43654","15.40478","13.01446","17.36579","15.83807","15.81719","13.01720","16.94257","17.99480","19.18680","18.55512","17.58963","16.29722","17.30423","17.78548","16.98910","18.72179","16.73643"
"BM000236","16.73959","12.33564","17.77291","16.14032","13.88377","17.66749","15.72458","14.35182","13.39326","17.23814","18.23719","19.53202","18.66972","17.75120","16.42173","17.40648","17.91082","16.90622","18.87360","16.93148"
"BM000242","16.51969","11.80121","17.47421","15.74655","12.48413","17.42306","15.39269","14.45640","12.39156","16.89364","17.94457","19.15018","18.34376","17.49769","16.01618","17.23674","17.65675","16.65677","18.68753","16.73468"
"BM000244","16.77679","12.08573","17.71279","15.75221","11.90834","17.59038","15.58734","15.47465","12.17709","17.17999","18.20248","19.32947","18.59526","17.71911","16.25914","17.46906","17.89861","17.01006","18.99697","17.02102"
"BM000252","16.61619","12.45338","17.53293","15.66889","13.42421","17.42014","15.14003","15.37270","12.50705","16.95975","18.07694","19.11307","18.39557","17.63399","16.17494","17.26684","17.74481","16.81610","18.76707","16.69282"
"BM000256","16.70225","12.36834","17.63866","15.56354","12.84067","17.40973","15.68330","15.30016","12.81578","17.08363","18.05195","19.24667","18.55552","17.71094","16.31171","17.31717","17.94325","16.90135","18.86459","16.70728"
"BM000258","16.88052","12.08176","17.74842","15.27766","11.94664","17.64166","15.99097","15.13458","12.35265","17.11821","18.19629","19.36779","18.80312","17.83126","16.43960","17.63065","18.07489","17.44800","19.02063","17.15577"
"BM000263","16.79314","12.52693","17.76045","16.06257","12.83128","17.65134","15.58730","15.31854","13.43528","17.21880","18.29217","19.43233","18.66799","17.81202","16.42997","17.39269","17.87144","17.03229","18.92938","16.93385"
"BM000269","16.65545","12.34290","17.64719","15.49820","11.44304","17.48279","15.74764","14.86501","12.23153","17.10124","18.01361","19.25051","18.45492","17.68464","16.22714","17.22037","17.96977","16.61972","18.74209","16.60937"
"BM000275","16.97374","12.55626","17.74984","16.02132","14.60033","17.60897","16.34345","16.52229","12.73966","17.25566","18.58115","19.57385","18.88503","17.89412","16.53885","17.62948","18.08063","17.32882","19.05824","17.29276"
"BM000276","16.71110","11.91401","17.68939","16.02395","12.44174","17.64092","15.71109","14.38948","12.71551","17.14834","18.18926","19.38027","18.57504","17.66685","16.28158","17.46487","17.89512","16.98543","18.85604","17.12453"
"BM000279","16.72074","12.68759","17.66993","15.81312","13.95033","17.66727","15.75140","14.99325","12.91682","17.17959","18.15218","19.29907","18.56749","17.76189","16.38003","17.38970","17.83580","16.99263","18.75185","16.90115"
"BM000280","16.85746","12.89110","17.77148","16.14607","14.33160","17.77640","15.68774","14.96997","13.41556","17.29120","18.28891","19.47183","18.70485","17.90087","16.56392","17.45249","17.85934","17.02862","18.97647","17.07226"
"BM000285","16.35420","12.22140","17.31073","15.30641","13.75947","17.29661","15.12074","15.09778","13.98323","16.90968","17.74993","19.15347","18.54382","17.44440","16.09090","17.03921","17.38162","16.58395","18.51482","16.37192"
"BM000288","16.54069","12.27563","17.44508","15.57539","13.42224","17.31833","15.66444","14.76572","12.50215","16.96428","17.93305","19.12352","18.39493","17.55023","16.19964","17.25049","17.76422","16.69802","18.61821","16.63718"
"BM000292","16.83283","12.11462","17.70390","15.77368","13.39769","17.63051","16.41171","15.66005","13.05250","17.22421","18.23601","19.41894","18.74842","17.79110","16.48004","17.50963","17.93920","17.20053","18.93025","17.12187"
"BM000297","16.45994","11.55649","17.41382","15.56344","12.38555","17.34186","15.52925","14.27939","12.63154","16.88118","17.88213","19.13256","18.33193","17.41645","15.95936","17.18484","17.70149","16.62506","18.59568","16.59658"
"BM000304","16.67116","11.97207","17.67705","15.68726","12.26207","17.46245","15.90827","14.20365","12.85209","17.15286","18.02136","19.40154","18.56169","17.66423","16.18496","17.27617","17.95666","16.66129","18.86977","16.59237"
"BM000311","16.65938","11.87533","17.65647","16.03937","12.54672","17.56622","15.69377","13.95721","12.81896","17.15189","18.09831","19.40324","18.54134","17.62711","16.23217","17.36595","17.77329","16.77379","18.78704","16.92762"
"BM000314","16.44433","11.67423","17.38677","15.51013","11.01677","17.27240","15.53880","14.42383","12.24323","16.84129","17.83330","19.12560","18.29263","17.41607","15.93326","17.15674","17.57696","16.58631","18.57686","16.48189"
"BM000317","16.39331","11.45127","17.35798","15.56045","11.67715","17.28640","15.50446","14.16344","12.73332","16.79711","17.81900","19.12203","18.29510","17.35380","15.87121","17.11967","17.60726","16.50858","18.52973","16.40866"
"BM000325","16.56780","12.65138","17.49571","15.37709","14.30056","17.33506","15.61647","14.59277","13.08305","17.01866","17.98067","19.20512","18.42415","17.61955","16.27337","17.09901","17.72592","16.73857","18.65754","16.42996"
"BM000326","16.64559","12.32492","17.54726","15.50970","13.51105","17.38874","15.93290","15.04303","13.00412","17.07284","18.01091","19.28695","18.55800","17.64076","16.33554","17.27463","17.79741","16.92822","18.79900","16.76022"
"BM000334","16.69080","12.15730","17.63614","15.84738","12.21908","17.55136","15.59312","15.20119","12.42593","17.12107","18.16841","19.24948","18.52322","17.67479","16.20986","17.39144","17.78643","16.97916","18.83130","16.89624"
"BM000339","16.80433","12.43506","17.76647","15.95896","13.45118","17.65100","16.02503","15.07807","12.99046","17.30014","18.23461","19.51416","18.71472","17.79883","16.44608","17.45008","17.89118","17.06217","18.92846","17.06103"
"BM000048","17.00303","12.00156","17.79588","15.47977","12.25849","17.92578","15.30371","15.69290","13.52335","17.18810","18.38074","19.34568","18.89605","17.86500","16.51923","17.70995","18.45676","17.08829","19.17297","17.17178"
"BM000051","16.80837","12.00204","17.73188","15.95189","12.15262","17.65754","16.06091","15.20547","12.91237","17.19394","18.23495","19.42696","18.69092","17.77273","16.38003","17.56523","17.94038","17.09589","18.91928","17.02674"
"BM000053","16.74317","12.03632","17.70086","15.80785","12.49543","17.52377","16.01327","14.71809","12.96696","17.21297","18.07675","19.37292","18.59299","17.72751","16.28491","17.32499","17.99651","16.86790","18.85382","16.95196"
"BM000055","16.56376","11.54841","17.59564","15.75732","11.79418","17.45466","15.09000","13.68618","13.01077","16.95793","17.95446","19.24341","18.47512","17.54233","16.03234","17.34181","17.88221","16.79670","18.71589","16.92333"
"BM000056","16.81308","11.77628","17.77695","15.54125","11.74084","17.50631","16.08278","15.54174","12.33117","17.13901","18.10731","19.41149","18.72563","17.77728","16.38300","17.58658","18.08384","17.15685","18.96080","17.08657"
"BM000057","16.82790","12.05219","17.77087","16.04211","13.40742","17.64524","15.88170","14.95010","13.09447","17.25643","18.22869","19.43994","18.72508","17.79524","16.37736","17.52764","17.96112","17.12010","18.97044","17.08586"
"BM000058","16.60919","11.99902","17.44522","15.62040","12.66961","17.41821","15.78393","15.52157","13.27717","16.92476","18.04493","19.17537","18.45932","17.58936","16.16501","17.26698","17.74918","16.85710","18.67143","16.88601"
"BM000070","16.44863","11.35364","17.45982","15.65770","11.72726","17.35937","15.34854","14.27553","12.51456","16.91646","17.87411","19.08890","18.29361","17.38646","15.84917","17.23981","17.62376","16.74532","18.54581","16.72782"
"BM000360","16.73224","11.94239","17.71842","15.89116","12.54438","17.63016","15.64605","14.91819","12.72144","17.18100","18.16712","19.39548","18.57476","17.69701","16.21395","17.39179","17.95193","16.95046","18.89441","16.88507"
"BM000363","16.88046","12.16249","17.71808","15.57592","12.68613","17.66120","16.00842","16.05159","12.73721","17.17886","18.26067","19.33899","18.69307","17.83344","16.34151","17.56759","17.94055","17.40201","19.00352","16.92127"
"BM000366","16.69252","12.02892","17.67178","15.73973","12.31069","17.45361","16.11750","14.37008","12.59498","17.14315","18.00586","19.41756","18.56553","17.67547","16.25030","17.27424","17.87912","16.68351","18.85229","16.63703"
"BM000372","16.79155","11.89222","17.70235","15.79972","12.59390","17.57162","16.11788","15.58438","12.79724","17.20068","18.16543","19.37027","18.68323","17.74381","16.39301","17.53885","17.93347","17.12873","18.95053","17.05352"
"BM000380","16.68800","12.17095","17.57385","15.80747","12.32334","17.62597","15.61376","15.15594","12.80672","17.06892","18.10369","19.24350","18.53368","17.66579","16.24302","17.30269","17.68347","17.02749","18.80862","16.93818"
"BM000387","16.84763","12.20218","17.70924","15.14176","12.26493","17.36265","16.50406","15.74731","12.10761","17.19946","18.09997","19.39334","18.69494","17.83461","16.38979","17.44458","18.11075","17.00767","19.01559","16.72485"
"BM000388","16.75377","11.95088","17.64816","15.52070","12.99604","17.59855","15.57980","16.02487","12.59470","17.13337","18.12706","19.28142","18.54219","17.71281","16.22643","17.36040","18.23080","16.75614","18.90866","16.61649"
"BM000392","16.82632","12.16203","17.66748","15.17322","12.18471","17.70443","15.86705","16.00108","12.24339","17.03142","18.24304","19.35322","18.76571","17.82013","16.41498","17.58446","18.00772","17.33543","18.98734","16.94501"
"BM000394","16.82423","11.80804","17.60572","15.45932","11.81491","17.41933","16.40011","16.38502","12.78646","17.00261","18.16524","19.22196","18.70352","17.75200","16.50630","17.65386","17.99703","17.27334","18.82230","17.05173"
"BM000396","16.77000","11.94902","17.66830","15.98923","12.15013","17.57506","15.76534","15.99461","12.71291","17.11566","18.33852","19.36469","18.63739","17.70902","16.29479","17.53655","17.94691","17.21797","18.93389","17.08241"
"BM000400","16.55806","12.16613","17.42789","15.49139","12.92523","17.39599","15.74597","15.62544","13.12286","16.91691","18.04989","19.16218","18.50176","17.53995","16.18916","17.24849","17.61582","16.92916","18.74009","16.80942"
"BM000404","16.50990","11.68776","17.58750","15.63303","12.51602","17.10517","15.75657","14.29278","12.21928","17.04394","17.81758","19.37859","18.38672","17.45616","15.98904","17.21052","17.67339","16.56636","18.76318","16.62482"
"BM000415","17.09776","12.63460","17.78469","15.66514","12.91614","17.83230","16.65661","16.59815","13.39658","17.26676","18.47514","19.51534","19.01860","18.06796","16.71144","17.69792","18.06383","17.57664","19.11060","17.14610"
"BM000416","16.83179","12.35347","17.77877","15.83827","12.32578","17.71436","15.82694","15.12214","12.69563","17.26175","18.23233","19.42413","18.71360","17.81442","16.38173","17.49621","17.82258","17.21361","18.93798","17.07081"
"BM000420","16.60796","11.93832","17.55147","15.67367","12.81707","17.39593","15.82090","14.89285","12.85433","17.01627","17.95085","19.29662","18.49937","17.59204","16.15084","17.25808","17.78965","16.75525","18.75014","16.58027"
"BM000424","16.67939","11.98926","17.68554","15.46175","12.55848","17.32081","16.09642","14.37249","12.90803","17.08326","17.95772","19.44746","18.57254","17.69132","16.14955","17.20010","18.12354","16.45456","18.90686","16.01588"
"BM000426","16.62902","11.83030","17.53270","15.66374","11.93857","17.45540","15.83942","14.95154","12.72172","16.96271","18.04161","19.27141","18.51065","17.58663","16.22253","17.34419","17.88059","16.89430","18.74259","16.85671"
"BM000431","16.75887","12.14190","17.59517","15.33592","12.41143","17.40832","16.21303","15.62071","12.72833","17.05129","18.05269","19.28516","18.64041","17.74449","16.37141","17.40583","17.99920","16.96369","18.88143","16.70003"
"BM000435","16.64117","11.74795","17.59831","15.73271","12.13776","17.44355","15.93840","14.69697","12.72003","17.06806","18.00445","19.29231","18.51147","17.60284","16.18836","17.33977","17.92536","16.82024","18.78383","16.84304"
"BM000439","16.63498","11.88732","17.59489","15.67558","12.33817","17.46297","15.83409","14.75698","12.90561","17.04670","18.04042","19.32560","18.53472","17.61102","16.21412","17.31459","17.87231","16.89357","18.74573","16.76469"
"BM000444","16.74699","12.06778","17.66883","15.80828","12.63257","17.58111","15.84968","15.22186","13.17455","17.13577","18.13170","19.36016","18.64150","17.70575","16.30795","17.43487","17.85857","17.06487","18.86462","16.90726"
"BM000445","16.58581","11.71676","17.59420","15.65376","12.34936","17.38231","15.60811","14.50745","12.80248","17.03946","17.95153","19.29023","18.48374","17.56074","16.13113","17.29323","17.89214","16.78674","18.73362","16.84658"
"BM000454","16.57469","11.70054","17.52174","15.62991","11.86491","17.41107","15.55903","14.24062","12.49708","16.93141","17.97614","19.20373","18.42382","17.51675","16.07492","17.28672","17.78378","16.80681","18.72872","16.71435"
"BM000456","16.46969","12.05462","17.30399","15.32381","12.04145","17.25531","15.70722","15.13277","12.79441","16.87843","17.87741","19.09963","18.27565","17.47562","15.94402","16.90574","17.58446","16.56203","18.53503","16.43484"
"BM000458","16.66557","11.86656","17.63508","15.85146","11.92448","17.57627","15.64978","14.92817","12.90333","17.09995","18.08886","19.29481","18.53330","17.61654","16.17484","17.38732","17.79420","17.00639","18.81936","16.90553"
"BM000460","16.82120","12.00443","17.82056","16.13832","11.51254","17.68863","15.85734","14.79269","12.16821","17.32146","18.27856","19.49920","18.67109","17.77577","16.40814","17.59894","18.00956","17.07131","19.00264","17.27219"
"BM000462","16.55599","12.06770","17.47412","15.51120","12.84301","17.12268","16.09990","14.97935","12.29530","16.86743","17.92363","19.22217","18.44147","17.55381","16.14947","17.11422","17.81573","16.66173","18.76417","16.36446"
"BM000469","16.53290","11.93814","17.24950","15.39747","10.96105","17.24206","15.47810","14.61816","13.94353","16.77646","17.77657","18.89691","18.37908","17.40911","15.93072","16.99526","17.53593","16.91379","18.60210","16.37813"
"BM000475","16.69152","12.07173","17.61270","15.74172","12.82282","17.45853","15.94513","15.02025","13.06715","17.09820","18.02980","19.32372","18.57235","17.67203","16.25768","17.33530","17.87671","16.86427","18.83141","16.75624"
"BM000476","16.57678","11.87961","17.43030","15.56092","12.24738","17.42315","15.85063","15.40547","12.82042","16.89192","17.99150","19.14502","18.47356","17.54247","16.14666","17.28606","17.70433","16.92404","18.68889","16.70963"
"BM000478","16.67001","12.27144","17.57618","15.89603","13.08373","17.54249","15.89061","15.02096","13.18942","17.09987","18.10184","19.30592","18.56350","17.66673","16.29496","17.30003","17.81808","16.91342","18.74932","16.78046"
"BM000483","16.74731","12.15382","17.64810","15.78600","13.05179","17.61632","16.13987","15.58007","12.59433","17.13658","18.25477","19.38730","18.66936","17.72869","16.40194","17.46473","17.89502","17.08228","18.84013","16.78419"
"BM000485","16.59223","11.97963","17.46203","15.55842","12.51231","17.45833","15.91477","15.40815","12.60211","16.93348","18.05810","19.17865","18.48828","17.57115","16.18544","17.29409","17.79552","16.86457","18.68238","16.61113"
"BM000495","16.83791","12.23889","17.68097","15.74254","12.59761","17.71467","16.28568","15.97929","12.56270","17.15189","18.33671","19.39860","18.76678","17.81517","16.47724","17.58453","17.94434","17.28095","18.91844","16.90818"
"BM000496","16.69006","12.06230","17.55293","15.74808","11.90629","17.58687","15.93685","15.54636","12.76854","17.01654","18.17102","19.24969","18.58212","17.66854","16.28815","17.44087","17.86204","17.05432","18.78458","16.82402"
"BM000499","16.63705","11.97743","17.53068","15.69181","12.58353","17.46513","15.85055","15.28435","12.92317","16.97834","18.02487","19.23711","18.52132","17.60956","16.20567","17.33721","17.77212","16.92876","18.75619","16.80977"
"BM000079","16.72265","11.88695","17.75388","15.99951","12.04338","17.61180","15.56319","14.04330","12.68927","17.18984","18.17189","19.41955","18.60279","17.68496","16.26380","17.44673","17.95314","16.98439","18.83954","17.10299"
"BM000081","16.80160","12.11867","17.81705","16.10041","12.19858","17.67204","15.87069","14.25756","12.75735","17.26653","18.21364","19.53072","18.68508","17.78632","16.37976","17.50872","17.95158","16.87013","18.93762","16.99151"
"BM000082","16.74450","12.12077","17.83886","16.13881","12.96924","17.59295","15.68778","13.12481","12.55884","17.30099","18.20661","19.55942","18.64800","17.71787","16.31400","17.41265","18.01057","16.73890","18.90460","16.99816"
"BM000085","16.76388","11.98254","17.74018","16.05756","12.47596","17.65764","15.75974","14.85946","13.03967","17.21979","18.20013","19.41822","18.64990","17.73173","16.32072","17.46778","17.89573","17.02121","18.87544","17.15977"
"BM000087","16.52457","11.74723","17.60350","15.71961","12.03293","17.36698","15.35578","13.78058","13.06361","17.02262","17.95016","19.28046","18.46066","17.49472","16.07567","17.25110","17.79853","16.79458","18.60915","16.93551"
"BM000089","16.69641","11.87942","17.69224","15.97464","12.19485","17.58310","15.65816","14.86282","12.83767","17.13404","18.12813","19.35107","18.54447","17.65280","16.22705","17.38899","17.85017","16.87541","18.83968","17.02230"
"BM000597","16.74845","12.36325","17.70742","15.97954","12.90228","17.62946","15.76025","14.61593","13.44920","17.18409","18.17554","19.43827","18.62797","17.75516","16.34941","17.28279","17.90561","16.96106","18.87480","16.81327"
"BM000601","16.74694","12.05394","17.73226","15.64922","12.79941","17.47107","16.00410","14.02821","12.62006","17.23161","18.04140","19.41788","18.58124","17.72489","16.25515","17.33592","18.00219","16.80815","18.94665","16.70780"
"BM000610","16.84175","12.49206","17.67040","15.96861","14.23823","17.58739","16.13030","15.75399","13.25390","17.16156","18.31424","19.40703","18.68376","17.81736","16.50055","17.39564","17.99527","17.09345","18.87485","17.03433"
"BM000612","16.59557","11.91809","17.52400","15.66812","12.51456","17.41589","15.82033","14.77120","12.75519","17.00238","17.95656","19.32937","18.45961","17.58575","16.06903","17.13300","17.68342","16.62170","18.74849","16.54058"
"BM000613","16.27701","11.28381","17.29815","15.36304","11.97940","17.10078","15.14597","13.49693","12.15888","16.73687","17.67139","18.95295","18.10482","17.21636","15.63991","17.08240","17.53819","16.41673","18.44775","16.32383"
"BM000619","16.78965","12.41182","17.74430","15.74028","13.75234","17.57180","16.03094","14.86310","12.95340","17.23361","18.19345","19.44718","18.64898","17.78776","16.36264","17.30126","17.97542","16.97588","18.90630","16.81625"
"BM000620","16.54592","12.27810","17.39698","15.13985","13.10908","17.42108","15.57438","15.84038","13.06219","16.88149","17.92179","18.99382","18.48805","17.56882","16.20761","17.19022","17.44602","17.01013","18.66523","16.44444"
"BM000623","16.58843","12.06114","17.54830","15.69705","12.15582","17.45583","15.54548","14.48616","12.28763","16.98819","18.02208","19.25002","18.42487","17.58226","16.14793","17.21077","17.73708","16.66411","18.72752","16.63373"
"BM000632","16.21063","11.61328","16.97450","15.25592","10.63012","16.91635","14.65397","12.34133","14.03818","16.55514","17.41939","18.57819","18.05731","17.06515","15.49246","16.64250","17.47308","16.45615","18.35972","15.76694"
"BM000635","16.83426","11.93577","17.83486","15.46315","10.24335","17.50142","16.40579","14.49906","11.51314","17.24831","18.11336","19.43788","18.71159","17.76447","16.36284","17.57689","18.07548","17.18227","19.01794","16.94916"
"BM000638","16.88655","12.30769","17.82874","16.09225","13.78212","17.67727","16.15477","15.12532","13.25032","17.39085","18.31226","19.56361","18.80384","17.85332","16.52664","17.57974","17.98425","17.14241","19.03125","17.26810"
"BM000646","16.68833","12.01228","17.70604","15.65287","12.48234","17.33918","15.99602","14.66284","12.67524","17.21724","17.99666","19.38564","18.56399","17.67060","16.20617","17.38408","17.96106","16.69188","18.92987","16.71791"
"BM000648","16.74779","11.70653","17.71825","16.05683","11.07492","17.70973","15.75568","14.80550","13.01701","17.15364","18.18399","19.42179","18.58370","17.71371","16.21625","17.49496","17.90790","16.96278","18.87534","17.08030"
"BM000649","16.68557","11.75277","17.70363","16.02820","11.53117","17.66519","15.66710","13.86215","12.80560","17.13144","18.12644","19.38273","18.51043","17.64480","16.18172","17.43215","17.89381","16.88263","18.83104","17.08595"
"BM000654","16.69773","11.89160","17.59817","15.35904","12.70684","17.44836","15.96294","15.91148","12.49195","16.96910","18.03382","19.24135","18.61502","17.65968","16.25317","17.43858","17.83776","17.13632","18.79934","16.94700"
"BM000657","16.57646","11.62681","17.63706","15.86793","12.09696","17.44883","15.51501","12.94881","12.73987","17.10190","17.99583","19.33660","18.46905","17.52611","16.09441","17.34142","17.88560","16.64683","18.78566","16.86732"
"BM000663","16.77108","12.00252","17.72708","15.69102","12.38083","17.53695","15.91937","14.34179","12.47426","17.20059","18.08503","19.43905","18.62502","17.74074","16.27824","17.39350","18.07425","16.86380","18.91172","16.73940"
"BM000665","16.71649","11.88078","17.73044","16.18478","12.03640","17.65246","15.44276","14.54340","13.21643","17.16901","18.17733","19.43689","18.55519","17.68869","16.20570","17.44763","17.94182","16.87661","18.85118","17.02637"
"BM000672","16.45062","11.66215","17.47756","15.67775","11.88196","17.27989","15.47378","13.56163","12.28970","16.96145","17.87815","19.14780","18.30049","17.42314","16.04776","17.23973","17.83447","16.53883","18.61818","16.72664"
"BM000673","16.78661","11.81255","17.87370","16.13781","11.37295","17.69840","15.95779","14.04190","12.71678","17.32446","18.18952","19.53964","18.65132","17.74795","16.29641","17.50138","17.98323","16.99235","18.91098","17.22373"
"BM000676","16.07992","10.89120","17.08621","15.23149","11.29195","16.97116","14.70717","11.89755","11.97116","16.52131","17.48561","18.73570","17.88281","17.00069","15.44668","16.94421","17.41443","16.21091","18.25996","16.39119"
"BM000681","16.61049","11.77224","17.64581","16.01330","11.72999","17.55001","15.43189","13.92590","12.69999","17.07703","18.07753","19.35873","18.44775","17.57539","16.06464","17.29171","17.74898","16.74900","18.79256","16.99311"
"BM000684","16.24664","11.14551","17.25647","15.44083","11.36920","17.10497","15.17696","12.85795","12.20521","16.70557","17.65693","18.92271","18.06897","17.17733","15.66639","17.01230","17.52286","16.35899","18.41551","16.54520"
"BM000687","16.62566","12.11556","17.55784","15.26659","12.52586","17.18126","16.04933","14.73337","12.40479","17.05639","17.92025","19.28739","18.47823","17.62092","16.15481","17.15708","17.92294","16.57850","18.84071","16.29732"
"BM000688","16.61915","11.93808","17.60395","15.93098","12.69770","17.46239","15.89144","13.19529","12.88170","17.09901","18.00820","19.43703","18.53010","17.61304","16.22591","17.23757","17.82329","16.54907","18.73192","16.65054"
"BM000692","16.10200","10.92550","17.09283","15.28900","10.65803","16.92864","14.61419","13.21335","11.99578","16.50945","17.52806","18.76872","17.95253","17.02076","15.49415","16.94215","17.44230","16.19672","18.28483","16.31811"
"BM000700","16.38081","12.13802","17.43342","15.51755","11.18715","17.44661","15.38209","13.72293","12.99667","16.83427","17.85925","19.17214","18.29997","17.43110","16.00496","16.88477","17.51602","16.52871","18.42239","16.32329"
"BM000708","16.68732","11.97300","17.71019","15.80576","13.21954","17.44325","16.07449","14.43156","13.11316","17.24840","18.05534","19.44089","18.61961","17.64977","16.28994","17.33383","17.86061","16.85520","18.83116","16.89109"
"BM000712","16.04412","10.99954","16.97108","14.98461","12.03640","16.87383","14.74550","13.59452","12.14747","16.41583","17.42107","18.64228","17.88891","16.97062","15.45193","16.92432","17.39773","16.18239","18.21993","16.10258"
"BM000715","16.68660","12.14216","17.69058","15.77307","13.39454","17.54825","15.82595","15.49159","12.63725","17.16771","18.08928","19.40946","18.60889","17.66473","16.19891","17.31189","17.79419","16.92357","18.80333","16.74595"
"BM000716","16.75093","11.96676","17.79234","16.02558","12.69715","17.59168","15.82254","14.23995","12.57276","17.27195","18.17626","19.42853","18.62950","17.70149","16.34034","17.51500","17.93100","16.97014","18.94679","17.13400"
"BM000719","16.56754","11.66142","17.50737","15.62545","12.11180","17.39005","15.82228","15.20580","12.26346","16.94270","17.97627","19.13991","18.42564","17.51589","16.14632","17.34049","17.66362","16.87670","18.74744","16.87770"
"BM000720","16.51779","11.93657","17.40838","15.25499","12.94584","17.28852","15.76843","15.10638","12.56953","16.94947","17.82701","19.13478","18.40373","17.50334","16.07474","17.11480","17.57284","16.73990","18.71134","16.42150"
"BM000721","16.68397","11.91061","17.74928","15.99825","12.76336","17.53009","15.85174","13.50370","12.66943","17.21007","18.06302","19.45579","18.53931","17.66065","16.24578","17.37329","17.96743","16.77346","18.87178","16.90307"
"BM000722","16.62830","11.81763","17.64800","15.98347","13.28060","17.47841","15.77356","12.83966","12.80790","17.10353","18.00055","19.39549","18.47907","17.61626","16.17957","17.21561","17.91533","16.62269","18.81370","16.83767"
"BM000727","16.73974","12.20024","17.70673","15.77967","12.76166","17.46833","15.96858","14.76918","12.84384","17.20251","18.07961","19.44412","18.62548","17.73939","16.28834","17.31186","17.93594","16.78398","18.90813","16.78774"
"BM000729","16.70122","12.19542","17.67453","15.80148","13.10451","17.47894","15.83706","15.23628","13.34502","17.19074","18.04117","19.36161","18.63008","17.69665","16.37877","17.32196","17.89599","16.91318","18.79838","16.89341"
"BM000733","16.74321","11.99172","17.72204","16.04739","12.45970","17.65400","15.66744","14.97910","12.77496","17.20703","18.18807","19.43922","18.60865","17.71638","16.28115","17.41403","17.87774","16.92596","18.87379","17.11654"
"BM000734","16.71045","12.10486","17.69831","15.07820","12.55800","17.32148","16.11489","14.88632","12.22676","17.14330","17.94882","19.45267","18.65237","17.73101","16.25339","17.30417","18.12674","16.77748","18.89040","16.58176"
"BM000735","17.05946","12.79740","17.79736","16.32241","15.42742","18.01769","15.36796","17.38217","14.46174","17.65627","18.26472","19.90940","19.24947","18.08703","16.72011","17.50082","17.95238","16.79692","19.14499","17.13022"
"BM000740","16.68847","11.97486","17.73726","15.99595","13.24276","17.56875","15.74172","13.84281","12.91657","17.22051","18.10897","19.43194","18.57867","17.66256","16.28608","17.41485","17.90710","16.84290","18.82338","17.02241"
"BM000743","16.74374","12.06335","17.76263","15.85389","12.00562","17.53807","15.85828","14.12343","12.63004","17.17986","18.13417","19.45295","18.58278","17.72936","16.25586","17.35053","17.98488","16.84568","18.90892","16.87767"
"BM000745","16.57526","11.93265","17.61426","15.86704","12.74521","17.52317","15.59927","13.32397","12.70484","17.10150","18.04086","19.36221","18.42325","17.56724","16.11178","17.21142","17.80796","16.60625","18.65193","16.81540"
"BM000751","16.52734","11.77339","17.52963","15.40180","11.43637","17.38135","15.97778","14.01302","12.46074","16.99758","17.87334","19.33575","18.39724","17.52294","15.94359","17.05690","17.73610","16.57582","18.68131","16.39496"
"BM000756","16.69593","11.99807","17.66726","15.79489","12.12250","17.50313","16.03836","14.14876","12.97208","17.11800","18.03688","19.39185","18.60873","17.65049","16.25042","17.36108","17.79555","16.92792","18.77877","16.77100"
"BM000767","16.79198","12.05969","17.73590","16.03983","11.95177","17.71861","15.85649","14.36807","12.78358","17.14881","18.26507","19.47631","18.63214","17.74947","16.35819","17.44777","17.89950","17.02121","18.90732","17.12320"
"BM000768","16.67105","11.92331","17.69187","15.67110","13.06979","17.38133","15.92797","14.31293","12.41466","17.13438","17.97774","19.36992","18.53525","17.65823","16.20557","17.34697","18.02608","16.69750","18.83270","16.75203"
"BM000892","16.68701","12.08281","17.70571","15.68697","12.81689","17.37905","15.99510","14.19561","12.54729","17.18148","17.98476","19.36858","18.50760","17.68087","16.24672","17.30171","18.06260","16.60515","18.87989","16.56799"
"BM000902","16.52732","11.74762","17.51759","15.48952","12.44990","17.33131","15.70263","14.60170","13.09255","16.96680","17.88548","19.27639","18.46619","17.52125","16.10096","17.15125","17.85819","16.71018","18.65468","16.80408"
"BM000916","16.65958","12.03874","17.62581","15.89234","11.96308","17.55992","15.87598","14.83473","12.65336","17.11291","18.11282","19.30631","18.51893","17.63987","16.20173","17.25152","17.77111","16.86566","18.77943","16.70075"
"BM000925","16.77812","13.29845","17.56401","15.41140","14.01144","17.59094","15.49832","15.72181","12.91784","17.11867","18.23114","19.15559","18.61970","17.89453","16.64982","17.31599","17.75309","17.16209","18.87864","16.69559"
"BM000931","16.89219","12.53728","17.81912","15.48560","13.07674","17.49278","16.35857","15.41346","12.91177","17.33016","18.17527","19.46395","18.78038","17.90350","16.53250","17.49975","18.19003","17.04996","19.05280","16.85674"
"BM000948","16.92200","12.46601","17.65411","15.75779","12.81048","17.70476","16.33221","16.07131","13.45242","17.19145","18.34510","19.38431","18.83127","17.88814","16.59919","17.59565","18.04918","17.37711","18.99960","17.05719"
"BM000954","16.64467","12.03273","17.59383","15.62940","12.89785","17.38536","15.97357","14.56193","12.68733","17.09640","18.01299","19.32903","18.50706","17.61715","16.28155","17.26944","17.94134","16.79070","18.81911","16.69814"
"BM001069","16.73655","12.73359","17.56478","15.77666","14.59711","17.34396","15.84745","15.98133","12.57910","17.11441","18.28247","19.28409","18.61089","17.70980","16.43734","17.44581","17.75682","17.03870","18.86209","17.04065"
"BM001070","16.67858","12.18270","17.72391","16.00754","12.11479","17.63275","15.63070","13.82442","12.60404","17.19730","18.09611","19.41991","18.51464","17.68116","16.26195","17.30528","17.93054","16.71019","18.77832","16.81860"
"BM001073","16.25481","11.66682","17.20946","14.49173","11.77619","16.86144","15.53968","14.89944","12.22001","16.52217","17.44536","18.91507","18.20801","17.28624","15.82459","16.93084","17.73748","16.44242","18.49107","16.22387"
"BM001078","15.989406","10.579376","16.932500","14.820696"," 8.418106","16.799766","15.015230","13.919445","10.564334","16.288389","17.452224","18.606957","17.905431","16.853724","15.413527","16.962905","17.358522","16.340713","18.143572","16.143596"
"BM001084","16.75180","12.09500","17.78043","16.11242","12.73129","17.66974","15.83767","14.43664","13.23806","17.20745","18.19550","19.51798","18.63077","17.74603","16.32843","17.41038","18.03439","16.82243","18.82849","16.92161"
"BM001091","16.35488","11.70431","17.37029","15.33001","12.98242","17.07887","15.28116","13.52764","12.45872","16.83105","17.72746","19.03315","18.26450","17.31801","15.92876","17.15434","17.78053","16.48098","18.55766","16.50907"
"BM001093","16.76775","11.95790","17.63578","15.52836","12.28757","17.50454","16.08517","15.71014","12.70546","17.09112","18.12338","19.30462","18.66720","17.72625","16.35317","17.51434","17.94212","17.16789","18.88735","16.98114"
"BM001094","16.46918","11.69439","17.35967","15.16116","12.18193","17.21346","15.52019","14.86882","12.37987","16.76134","17.82599","19.07810","18.35260","17.45491","15.99718","17.19602","17.77173","16.70418","18.56917","16.51395"
"BM001098","16.51284","11.96958","17.44285","15.09590","11.73413","17.12229","15.86893","15.17581","11.92781","16.92031","17.83478","19.12296","18.36339","17.49662","16.02331","17.08768","17.73760","16.55803","18.74599","16.23037"
"BM001103","16.40830","11.49731","17.34731","15.46078","11.93532","17.23056","15.55518","14.53413","12.34907","16.79436","17.80507","19.02224","18.26716","17.35295","15.90971","17.17575","17.62769","16.63206","18.55461","16.57954"
"BM001104","16.70522","11.90149","17.62852","15.78417","12.26571","17.55619","15.83935","14.97291","12.76640","17.06582","18.10978","19.30442","18.55143","17.66325","16.21189","17.40374","17.87265","16.97970","18.85643","16.92052"
"BM001107","16.65081","11.97749","17.56738","15.70480","12.36883","17.45305","15.80362","14.66487","13.05930","17.04207","18.02336","19.24007","18.50907","17.60613","16.19157","17.31165","17.83125","16.92447","18.81334","16.77238"
"BM001112","16.60967","11.96187","17.57286","15.83547","12.53250","17.53483","15.55440","14.65304","12.94342","16.98516","18.09679","19.30481","18.46378","17.59078","16.10068","17.22097","17.78321","16.83735","18.71668","16.64063"
"BM001115","16.72119","12.60057","17.62998","15.78121","12.77929","17.57455","16.11633","15.44720","12.65465","17.09047","18.13876","19.30132","18.62915","17.74297","16.44436","17.36184","17.84189","17.17453","18.87146","16.91569"
"BM001116","16.82938","12.47607","17.70102","15.70296","11.81960","17.64707","16.04164","15.28148","12.20466","17.15628","18.23740","19.35547","18.72725","17.81249","16.45232","17.52309","18.04507","17.26678","18.98931","16.89303"
"BM001117","16.90335","13.20968","17.77659","16.00940","14.56187","17.79119","15.68386","15.44370","13.32272","17.30002","18.35069","19.39439","18.73354","17.98259","16.61258","17.48509","18.05871","17.20485","18.96720","17.00020"
"BM001118","16.84296","12.26121","17.77156","15.87972","13.10281","17.75957","16.00282","15.39567","12.51374","17.18785","18.24622","19.39534","18.68797","17.81406","16.38706","17.58726","18.00628","17.18442","18.94003","17.06128"
"BM001119","16.88778","13.31817","17.63322","15.39092","15.02975","17.69442","15.67716","15.92425","12.78695","17.12770","18.31597","19.16020","18.69129","17.95522","16.63933","17.48893","17.91496","17.28969","18.93857","16.78941"
"BM001122","16.85344","12.04375","17.66714","15.52579","12.30455","17.59020","16.25843","15.91022","13.01739","17.08243","18.20847","19.35960","18.76226","17.82338","16.40471","17.57518","18.02242","17.30135","18.94649","17.10310"
"BM001124","16.61566","11.95899","17.51695","15.21684","12.26510","17.31478","16.04359","14.98069","12.68162","17.00004","17.93593","19.25190","18.49457","17.59658","16.16534","17.24557","17.84793","16.79795","18.77857","16.54418"
"BM001125","16.75087","12.07868","17.70286","15.76732","12.75880","17.52716","16.01974","15.00209","12.91232","17.16153","18.11452","19.39812","18.63673","17.73325","16.31916","17.40984","17.97741","16.96483","18.88027","16.93252"
"BM001126","16.53684","11.73843","17.49863","15.66538","12.04321","17.36405","15.65948","14.15434","13.00356","16.96112","17.91811","19.24190","18.40643","17.51202","16.05832","17.17897","17.79541","16.62363","18.68143","16.66790"
"BM001127","16.46967","11.75696","17.41504","15.52509","12.68845","17.29734","15.66036","14.32532","12.84430","16.91371","17.83725","19.13359","18.32434","17.44285","16.00856","17.12047","17.68861","16.57844","18.62462","16.58813"
"BM001128","16.58670","11.92512","17.55390","15.77444","12.24971","17.50438","15.59151","14.43168","12.74719","16.97267","18.03185","19.28168","18.42031","17.57367","16.05717","17.19870","17.74830","16.75284","18.69920","16.65301"
"BM001131","16.81743","12.06351","17.71751","15.61161","12.78423","17.55227","16.26729","15.26269","12.69816","17.18796","18.16604","19.43729","18.74161","17.78071","16.44026","17.51404","18.00087","17.08539","18.97746","16.91555"
"BM001133","16.80927","12.09002","17.65607","15.46188","12.92448","17.48198","16.35196","15.70970","12.90055","17.13544","18.13120","19.36348","18.69927","17.78245","16.39503","17.46489","18.00667","17.07720","18.94258","16.85318"
"BM001134","16.66514","11.94184","17.59646","15.68095","12.89395","17.43970","16.06166","15.08445","12.98015","17.07746","18.04548","19.34997","18.57909","17.64024","16.27586","17.31778","17.85435","16.85766","18.79946","16.72617"
"BM001137","16.73558","12.05678","17.69643","15.43145","12.71258","17.35256","16.18816","14.73585","12.54599","17.20023","18.00360","19.39365","18.59190","17.71821","16.27686","17.32946","18.06405","16.76943","18.91786","16.54595"
"BM001140","16.77431","12.13037","17.72079","15.73291","12.68572","17.54451","16.02974","14.88058","12.83919","17.20699","18.13156","19.41874","18.62968","17.75214","16.30476","17.38547","17.97640","16.90516","18.93535","16.73526"
"BM001141","16.49434","11.69625","17.41084","15.39782","12.12519","17.25672","15.83921","14.93541","12.59400","16.90011","17.87870","19.15818","18.37004","17.46413","16.02872","17.17405","17.75864","16.67454","18.62825","16.46012"
"BM001148","16.81370","12.12581","17.74709","15.82303","12.85000","17.61509","16.04682","15.23175","12.95224","17.18888","18.21072","19.44636","18.71656","17.79390","16.41384","17.50376","18.01479","17.11237","18.92510","17.07216"
"BM001152","16.70733","12.06278","17.59683","15.73685","12.29919","17.50505","15.90217","14.73330","12.89252","17.05923","18.08286","19.35047","18.58938","17.68382","16.27902","17.33404","17.83789","16.90522","18.83244","16.78578"
"BM001154","16.54697","11.67158","17.48525","15.65340","12.13796","17.38731","15.71383","14.75833","12.50618","16.92270","17.96431","19.16997","18.42289","17.49513","16.09778","17.30767","17.71602","16.81895","18.67854","16.77286"
"BM001159","16.74292","12.07530","17.68184","15.83619","12.74489","17.57044","15.95206","14.81674","13.12793","17.14965","18.15482","19.39121","18.62407","17.70956","16.35652","17.42103","17.91847","16.98635","18.88379","16.97331"
"BM001160","16.66471","11.97018","17.66768","15.32912","12.55470","17.39795","15.91326","14.63947","12.56836","17.04718","17.99287","19.46644","18.61507","17.68616","16.18213","17.28675","18.04542","16.84514","18.79766","16.71619"
"BM001161","16.46539","11.62691","17.44984","15.40875","11.71544","17.30041","15.70641","13.78760","12.80591","16.84312","17.86016","19.32885","18.40781","17.47247","15.93249","17.01169","17.74210","16.52510","18.58552","16.31105"
"BM001166","16.70690","12.01020","17.67199","15.64824","12.74966","17.43340","16.04792","15.06367","12.65899","17.14469","18.03639","19.35095","18.55736","17.68538","16.23365","17.32431","17.96337","16.81237","18.86161","16.68149"
"BM001169","16.75135","11.96064","17.65396","15.65406","12.73422","17.50099","16.10631","15.39740","12.92233","17.11847","18.10970","19.37335","18.62672","17.72417","16.28231","17.40882","17.96108","16.98675","18.88022","16.86220"
"BM001174","16.63292","11.88458","17.56723","15.61561","12.87402","17.44586","15.91681","15.11624","12.72444","17.06442","18.00588","19.27829","18.51890","17.60844","16.17582","17.28559","17.83300","16.83868","18.76081","16.64330"
"BM001177","16.57395","11.77160","17.42323","15.43478","12.40052","17.37143","15.88641","15.51023","12.63126","16.87536","17.97484","19.12408","18.47348","17.53250","16.14944","17.29705","17.74822","16.90600","18.70070","16.67286"
"BM001182","16.58511","11.87129","17.50999","15.70964","12.93140","17.39403","15.85559","15.08584","12.99598","16.98929","17.99367","19.27436","18.50576","17.56358","16.18857","17.24259","17.77910","16.81411","18.69557","16.67655"
"BM001183","16.61036","11.85622","17.49516","15.53683","13.02333","17.38174","15.87676","15.68720","12.77882","17.01075","17.96612","19.21515","18.52711","17.57827","16.19302","17.27871","17.80886","16.85644","18.73270","16.76334"
"BM001184","16.25205","12.17450","17.12964","15.18183","13.64582","17.13869","14.86692","14.28868","12.48715","16.58295","17.69416","18.68963","18.06181","17.26059","15.87587","17.00989","17.49004","16.51907","18.38115","16.22925"
"BM001189","16.43159","11.53642","17.40670","15.69216","12.43379","17.32575","15.38906","13.83909","12.75223","16.90427","17.86568","19.09059","18.27511","17.38031","15.98232","17.20283","17.72712","16.59947","18.54756","16.75771"
"BM001196","16.69567","12.05900","17.56539","15.61937","12.42935","17.53473","16.06041","15.36265","12.70130","16.98999","18.09264","19.27265","18.57326","17.65031","16.26656","17.37001","17.79995","17.01150","18.84538","16.81698"
"BM001202","16.78775","12.00935","17.84469","16.15458","13.14952","17.64229","15.85967","13.48793","13.27679","17.37685","18.16759","19.53683","18.67410","17.75951","16.33347","17.39459","17.95705","16.86945","18.95882","17.14073"
"BM001204","16.73383","12.21661","17.68036","15.93670","12.96266","17.61221","15.79967","15.08611","13.05041","17.16665","18.19693","19.36179","18.57279","17.71134","16.34250","17.37630","17.86662","16.92273","18.85227","16.97374"
"BM001205","16.69476","12.12630","17.67330","16.02401","13.33344","17.60081","15.75474","14.66064","13.06430","17.17823","18.16214","19.37558","18.55451","17.67668","16.29379","17.36030","17.82118","16.89523","18.81437","17.03173"
"BM001210","16.69208","12.09858","17.69205","15.89020","12.67138","17.54317","15.61718","14.43171","12.88753","17.15047","18.09931","19.36254","18.52021","17.67544","16.22675","17.31722","17.89027","16.76871","18.84120","16.91743"
"BM001217","16.58135","11.81112","17.57072","15.90887","12.54273","17.51222","15.58318","14.19335","13.03917","17.05356","18.04301","19.30019","18.43887","17.55133","16.10092","17.29229","17.77158","16.71404","18.71847","16.86527"
"BM001219","16.52806","11.73284","17.45493","15.42766","11.95757","17.26389","15.71358","14.84791","12.73415","16.92939","17.91423","19.13906","18.38938","17.48861","16.02166","17.23600","17.81464","16.66747","18.70544","16.61378"
"BM001227","16.56117","11.88832","17.46666","15.24964","11.92672","17.33350","15.40934","14.40729","12.42562","16.86280","17.89307","19.23485","18.47832","17.56054","16.10491","17.28430","17.87565","16.76835","18.67098","16.52581"
"BM001229","16.71279","11.92227","17.58845","15.53132","14.29099","17.53553","16.23485","14.89023","12.92658","16.96436","18.07574","19.39826","18.55515","17.70577","16.30416","17.14181","17.94407","16.88256","18.81278","16.73757"
"BM001234","16.71908","13.24647","17.60595","15.79044","14.96327","17.55345","15.45761","15.35069","13.24835","17.14133","18.18786","19.14882","18.54396","17.82661","16.61173","17.32509","17.82241","16.91704","18.77589","16.67391"
"BM001239","16.77660","12.44125","17.73997","15.83649","13.41756","17.57705","15.99017","14.69007","13.00914","17.26312","18.15846","19.45273","18.62835","17.78865","16.37099","17.33329","17.99215","16.90316","18.88178","16.83674"
"BM001240","16.78862","12.48458","17.61859","15.63449","14.08180","17.55381","16.20176","15.72356","13.23672","17.12167","18.18309","19.33942","18.69661","17.79429","16.53247","17.41253","17.91792","17.16147","18.84887","17.00066"
"BM001242","16.93804","12.98491","17.64612","15.59113","13.93630","17.77787","16.15517","16.34102","12.77563","17.11442","18.35574","19.33592","18.80301","17.96756","16.65117","17.59275","17.83680","17.43249","19.00567","16.89039"
"BM001244","16.74073","12.50377","17.62327","15.83833","13.58040","17.65810","16.06434","15.23725","13.28262","17.17961","18.22321","19.38198","18.65239","17.74654","16.48453","17.39192","17.84855","17.07584","18.82189","16.96151"
"BM001248","16.83383","12.10237","17.74093","15.87241","12.31161","17.66560","16.23614","15.59169","12.57380","17.20598","18.26426","19.43373","18.73455","17.79742","16.43083","17.56646","18.00220","17.20271","18.96645","17.12990"
"BM001250","16.69995","11.93295","17.68210","15.61829","12.80515","17.43001","16.11140","14.85816","13.09393","17.17652","18.01329","19.37520","18.60250","17.67194","16.30589","17.35600","18.04855","16.70387","18.88368","16.69481"
"BM001253","16.43610","11.86799","17.38919","15.20448","12.82500","17.16545","15.26167","14.69567","12.37524","16.76254","17.75384","19.09889","18.32460","17.43356","15.97436","17.17437","17.90462","16.43710","18.62570","16.46172"
"BM001259","16.67188","12.48446","17.56231","15.69659","13.50738","17.57992","15.71752","15.68208","12.85687","17.03140","18.14490","19.17045","18.47898","17.67159","16.26367","17.24080","17.71178","16.91938","18.78599","16.59131"
"BM000113","16.60409","12.61680","17.56691","15.74691","13.40582","17.56001","15.50594","14.57710","12.92146","17.00742","18.06550","19.27392","18.42362","17.66468","16.28614","17.13169","17.75286","16.70151","18.67009","16.58778"
"BM000115","16.40129","12.20329","17.34323","15.52838","13.35685","17.25925","15.13932","14.21995","12.69000","16.72405","17.84638","19.01681","18.20047","17.42221","16.01009","17.01457","17.59941","16.55537","18.56388","16.45640"
"BM000118","16.78271","12.77701","17.79055","16.23821","13.40530","17.63468","15.33442","14.62363","13.58325","17.24333","18.28153","19.47481","18.62458","17.83042","16.49861","17.31644","17.95244","16.95773","18.94302","16.96507"
"BM001352","16.94759","13.10886","17.63809","15.32217","14.22793","17.63522","16.41611","16.49092","12.74218","17.17345","18.36618","19.28053","18.85279","18.00849","16.69103","17.51234","18.02627","17.45660","19.08357","16.87554"
"BM000132","16.64656","11.98354","17.62409","15.89258","12.66510","17.45583","15.77718","14.19079","13.15813","17.13003","18.01829","19.39552","18.54720","17.63641","16.22376","17.26339","17.81071","16.68195","18.78320","16.72335"
"BM000136","16.80262","11.95293","17.82890","15.95730","12.42671","17.66322","16.17940","15.00880","12.53511","17.27941","18.19617","19.49964","18.75437","17.76508","16.47877","17.60728","18.03080","17.13761","18.92086","17.21082"
"BM000138","16.58087","11.72420","17.54905","15.84909","12.11694","17.53682","15.84383","14.40879","12.88134","17.01447","17.99803","19.26300","18.46449","17.54615","16.12701","17.24537","17.71747","16.84878","18.67950","16.74681"
"BM001376","16.88729","11.86353","17.74672","15.80343","12.30244","17.63621","16.25159","15.94240","12.97320","17.18067","18.21616","19.44554","18.78756","17.83159","16.46967","17.64368","18.02252","17.25768","19.04112","17.10941"
"BM001400","16.65276","12.37616","17.57711","15.45035","13.84579","17.40021","16.03644","15.67068","12.91472","17.04002","18.02533","19.24011","18.54888","17.64995","16.33573","17.32285","17.68655","17.02962","18.74950","16.78647"
"BM001407","16.467727","11.980785","17.330988","15.646908"," 9.712372","17.476993","15.246138","13.322373","12.001617","16.645836","17.803226","19.271658","18.348480","17.512145","16.029063","17.103915","17.472262","16.276704","18.470398","16.024283"
"BM001413","16.72417","12.08399","17.68872","15.82375","12.55691","17.49054","16.09555","14.88136","12.84340","17.21034","18.09983","19.37036","18.59620","17.71180","16.40131","17.44103","18.13673","16.83381","18.84278","16.87924"
"BM000152","16.61152","12.07662","17.55408","15.40632","11.44728","17.33566","16.00143","14.21605","12.16957","17.06803","17.91587","19.38767","18.48206","17.63358","16.16310","17.13168","17.85594","16.40614","18.77885","16.08582"
"BM000154","16.91581","12.30402","17.77461","15.88523","12.94712","17.73123","15.94241","15.35484","12.79248","17.28177","18.32396","19.46411","18.83588","17.86739","16.47656","17.66691","17.94156","17.34911","19.12012","17.19243"
"BM000158","16.82691","12.03096","17.77050","16.00413","10.20219","17.71271","15.85420","14.69729","12.79432","17.22904","18.21663","19.50002","18.70544","17.80027","16.36912","17.52023","17.90073","17.11699","18.94909","17.11664"
"BM001952","16.65152","12.04629","17.63226","16.09271","12.01404","17.68945","15.31109","14.47271","12.46881","17.05553","18.23026","19.38922","18.46877","17.62648","16.18373","17.24110","17.86217","16.78811","18.80009","16.88096"
"BM001964","16.76110","12.22017","17.74862","15.99417","11.89420","17.69938","15.69048","14.74531","12.60178","17.18185","18.23058","19.40416","18.58124","17.73721","16.25330","17.39500","17.83334","17.01846","18.84314","17.08498"
"BM001973","16.64034","12.18622","17.19759","14.42542","11.91642","17.34982","16.24298","16.67807","12.84768","16.63814","18.05237","18.99896","18.62315","17.61402","16.18674","17.24428","17.50144","17.18144","18.65010","16.45426"
"BM001974","16.74988","11.78558","17.69168","15.03423","11.28541","17.40224","16.05634","15.70461","12.16717","16.95582","17.98735","19.41385","18.73808","17.75692","16.32989","17.46921","18.12292","17.22994","18.84801","17.05679"
"BM001976","16.88504","12.04923","17.80528","15.95899","12.91415","17.67383","16.07797","15.63738","13.53034","17.22364","18.26563","19.43923","18.75067","17.85010","16.44528","17.58533","18.05397","17.23772","18.96054","17.07530"
"BM001977","16.83078","11.74538","17.78933","15.88711","11.64553","17.58406","16.07398","15.76877","13.14872","17.19532","18.21698","19.43924","18.76899","17.75769","16.36247","17.60824","17.87390","17.29592","18.95238","17.18002"
"BM001703","16.89708","12.37425","17.66017","15.63437","11.89654","17.78812","16.18533","16.11050","12.59363","17.10519","18.28655","19.32744","18.74915","17.87657","16.43583","17.46111","17.82742","17.32672","18.99346","16.59492"
"BM001706","16.83783","12.15311","17.74320","15.76868","12.58486","17.61969","16.19299","15.61975","12.94625","17.24138","18.19473","19.38674","18.67558","17.81225","16.38232","17.44624","17.94776","17.10237","18.94373","16.84526"
"BM001710","16.63519","11.90089","17.56258","15.66362","12.17488","17.42031","15.94033","15.16130","12.64606","17.02965","18.01622","19.26942","18.50375","17.61521","16.15927","17.29889","17.74901","16.81915","18.77831","16.70165"
"BM001716","17.07186","12.24419","18.04146","15.98096","12.34346","17.86692","16.86968","16.38904","12.90501","17.44621","18.43889","19.70924","19.05515","18.00374","16.64836","17.81405","17.99208","17.68556","19.13999","17.47816"
"BM001724","16.74836","12.26998","17.65283","15.70757","13.20847","17.53238","15.86494","15.20167","13.22185","17.12715","18.13335","19.36985","18.72747","17.74020","16.39713","17.38418","17.92912","17.09251","18.83721","16.99581"
"BM001731","16.68455","12.21693","17.62071","15.41924","11.98453","17.37529","15.97751","14.99232","12.68547","17.07930","18.01580","19.32493","18.52600","17.69036","16.18077","17.23820","17.95624","16.69789","18.85630","16.43081"
"BM001736","16.86034","12.27563","17.76838","15.59823","12.18715","17.61241","16.31984","15.78084","12.90048","17.17759","18.20730","19.44028","18.74018","17.84704","16.35133","17.47198","17.99387","17.20698","18.94785","16.93822"
"BM001923","16.25182","11.13035","17.27920","15.26197","11.23150","17.12889","14.92892","13.42019","12.34059","16.67826","17.67885","18.88575","18.11326","17.19106","15.65064","17.10233","17.61384","16.51603","18.41074","16.50058"
"BM001933","16.83527","12.49260","17.68845","15.71450","13.16285","17.69914","15.80872","15.78987","12.88623","17.10934","18.23687","19.28174","18.69783","17.83318","16.42600","17.49811","17.82701","17.28423","18.88502","16.96278"
"BM001942","16.97610","12.17023","17.78275","15.41710","10.27089","17.62921","16.64328","16.10237","12.12436","17.14809","18.33368","19.40449","18.84765","17.90340","16.47452","17.75880","17.94731","17.64026","19.09898","17.19068"
"BM001943","16.94733","12.13972","17.77147","15.53285","11.80011","17.70150","16.42975","15.89886","12.53453","17.21310","18.31316","19.40864","18.81931","17.87641","16.49575","17.66560","17.94578","17.47843","19.07637","17.14608"
"BM001948","17.053598","12.291275","17.847076","15.515076"," 9.448199","17.762858","16.822609","16.628319","12.113930","17.243731","18.442321","19.513969","18.978364","17.993213","16.595890","17.798079","17.990524","17.692523","19.140236","17.275684"
"SRR9606838","15.92944","10.94937","16.60477","13.53284","11.96751","16.62953","14.89818","15.35830","10.93143","15.94561","17.32470","18.06784","17.67953","16.81098","15.27254","16.81495","17.17732","16.35526","18.05277","15.54440"
"SRR9606839","16.185346","11.188989","16.841400","14.024404"," 9.938315","16.934173","15.236211","14.803972","12.077721","16.144357","17.546015","18.344729","17.913467","17.088446","15.543390","17.001408","17.338232","16.697394","18.271304","16.010200"
"SRR9606840","15.210929"," 9.046543","16.023725","12.698837"," 8.498051","16.233261","11.789102","13.031238"," 9.353588","15.200495","16.630194","17.335098","16.818343","16.018315","14.115974","16.402538","16.918419","15.427408","17.400200","14.672232"
"SRR9606841","16.73868","12.19367","17.43694","15.21324","11.39285","17.37181","15.57144","16.52051","11.16051","16.73341","18.35023","19.05899","18.67369","17.71257","16.33449","17.52423","18.06408","17.37957","18.89095","16.79906"
"SRR9606842","15.726407","10.431227","16.507397","13.985702"," 9.507993","16.638763","14.381380","14.255299","10.967411","15.840212","17.171484","18.000407","17.413661","16.614894","14.946604","16.672543","17.107252","15.979097","17.850936","15.528032"
"SRR9606843","17.115025","12.668717","17.685461","14.771907"," 9.887083","18.029895","16.847351","17.026863","12.827596","17.065992","18.500932","19.315132","19.045146","18.100655","16.707071","17.712917","18.036860","17.909637","19.199936","17.042533"
"SRR9606844","16.60158","12.62170","17.23098","15.40423","14.36223","17.40883","15.94617","15.90684","14.29211","16.73598","18.15861","19.13617","18.58938","17.62237","16.37736","17.12190","17.66112","16.96853","18.55472","16.13890"
"SRR9606845","15.67634","10.50125","16.39781","14.12880","10.56139","16.54914","14.28432","14.10997","12.14358","15.82753","17.04898","17.91200","17.40912","16.54978","14.93959","16.54030","17.01165","15.96378","17.76704","15.46024"
"SRR9606846","16.35508","11.99212","16.93119","13.83589","13.01134","17.15553","16.12954","16.30110","11.73598","16.25630","17.68298","18.44136","18.24928","17.32320","16.02120","17.12655","17.43538","16.93058","18.36723","16.27494"
"SRR9606847","15.817114","10.456076","16.688809","13.191531"," 9.826278","16.454386","12.577173","15.186645","10.533362","15.688698","17.307574","18.015723","17.405166","16.654558","14.762556","16.677295","17.270626","16.242405","18.119838","14.929487"
"SRR9606906","15.756261","10.417222","16.492866","12.987248","11.081503","16.560234","14.441498","12.641784"," 9.826511","15.726692","17.115509","17.833247","17.486097","16.576546","15.013870","16.835416","17.212067","16.295579","17.897625","15.544318"
"SRR9606907","16.15155","11.47807","16.78423","13.89487","12.46599","17.34269","15.70118","16.02742","10.89058","16.05580","17.55615","18.44811","17.98436","17.10759","15.71153","16.94530","17.18844","16.69794","18.19651","16.19647"
"SRR9606908","16.51751","12.09384","17.12180","14.99735","14.12041","17.25667","16.15508","16.48264","10.77583","16.44070","18.20698","18.99424","18.43116","17.41723","16.13232","17.28277","17.71495","17.06935","18.52086","16.72675"
"SRR9606909","16.86856","12.27242","17.61309","14.98727","12.66262","17.66007","16.17101","15.57233","11.74542","16.99149","18.28394","19.12450","18.71238","17.77629","16.43375","17.63414","17.94575","17.64258","18.96868","16.84527"
"SRR9606910","15.92870","10.90706","16.64594","13.63847","11.81554","16.64717","14.77649","15.18406","10.94021","15.98741","17.31054","18.11081","17.69750","16.82147","15.28479","16.82231","17.22320","16.33217","18.05658","15.63306"
"SRR9606911","16.51499","11.97017","17.27156","15.07040","13.34629","17.38077","15.68948","16.10074","12.69370","16.70320","17.95365","18.85245","18.27034","17.46296","15.86824","17.16106","17.51975","16.82224","18.56256","16.40584"
"SRR9606912","16.74949","12.09898","17.41325","14.78702","12.25572","17.56830","16.05776","16.07388","12.48220","16.76943","18.15556","18.96836","18.54060","17.69052","16.26561","17.49650","17.76371","17.30494","18.83813","16.48499"
"SRR9606913","16.76744","12.36629","17.50682","14.41150","11.18169","17.63002","16.15856","16.48742","11.90215","16.88811","18.09990","18.97145","18.60445","17.73773","16.34854","17.44842","17.74246","17.41808","18.85208","16.58006"
"SRR9606914","15.237811"," 9.290594","16.064566","13.254937"," 8.580145","16.295385","11.762955","11.591123"," 9.625155","15.383210","16.672350","17.348883","16.844831","16.063020","14.110267","16.458712","16.859799","15.617442","17.457505","14.726324"
"SRR9606915","16.92162","12.21751","17.66943","15.15887","12.04755","17.78088","16.29928","14.89096","12.80794","17.01165","18.29058","19.24657","18.77537","17.85121","16.47240","17.60032","17.98539","17.64743","19.02351","17.03539"
"SRR9606928","16.36622","11.07114","16.94798","13.83444","11.38332","16.95469","15.97958","16.13840","10.51096","16.19151","17.79455","18.41095","18.11408","17.25761","15.79150","17.21336","17.53656","16.95748","18.48086","16.24929"
"SRR9606929","16.95876","12.51123","17.55596","14.97338","11.19050","17.68582","16.60631","16.83952","13.34225","16.89973","18.49042","19.11485","18.72864","17.93586","16.42415","17.67047","17.93938","17.66672","19.06349","16.65425"
"SRR9606930","16.74948","12.17526","17.36913","14.60763","12.58590","17.65946","16.07191","16.03958","11.88623","16.60794","18.03096","18.81599","18.52863","17.67706","16.25231","17.45021","17.64078","17.41660","18.82251","16.42395"
"SRR9606931","16.91125","12.27298","17.60927","15.53750","11.34099","17.79989","16.18049","16.31970","13.31947","17.02262","18.35381","19.24879","18.66342","17.89964","16.25435","17.51034","17.85792","17.35979","18.88718","16.86052"
"SRR9606932","16.49895","11.83300","17.29289","15.16758","13.25763","17.39856","15.68210","15.97308","12.14949","16.65874","17.97839","18.88739","18.25921","17.45854","15.89085","17.18303","17.55176","16.89053","18.49513","16.43477"
"SRR9606933","17.230897","12.799490","17.787102","14.112875"," 9.161384","18.171609","17.034834","17.339530","11.370891","17.087879","18.620182","19.439129","19.206615","18.212464","16.940769","17.996738","18.175168","17.997465","19.309173","17.100035"
"SRR9606934","15.333440"," 9.605586","16.080411","13.071263"," 8.994608","16.346603","13.023345","13.021027","10.408949","15.398346","16.736984","17.496684","16.992518","16.179640","14.408013","16.477960","16.914511","15.567340","17.459711","14.862632"
"SRR9606935","15.99114","11.14824","16.80837","14.72469","11.15247","16.88744","14.51044","14.37068","11.78674","16.16791","17.46079","18.40756","17.74521","16.92880","15.35286","16.81439","17.21222","16.28403","18.04560","15.97014"
"SRR9606936","16.64069","11.81740","17.38286","15.43634","13.32194","17.41068","15.70087","15.34592","13.01004","16.79576","18.04626","19.09991","18.47975","17.56652","16.09431","17.37049","17.82625","17.09560","18.67054","16.71468"
"SRR9606994","16.62427","11.90259","17.33842","14.10575","10.08631","17.49450","15.45123","15.31164","11.72954","16.68949","17.97842","18.72604","18.32836","17.54162","15.98273","17.36272","17.79589","17.28782","18.77239","16.23866"
"SRR9606995","16.98466","12.27139","17.62049","14.37382","13.76693","17.65433","16.31168","16.37074","12.47721","16.94789","18.25881","19.05945","18.72278","17.90799","16.39660","17.67766","17.88062","17.65946","19.03275","16.70197"
"SRR9606996","16.108719","11.083113","16.841583","13.494016"," 9.540438","16.918084","14.915329","14.002984","10.806829","16.143890","17.460340","18.210153","17.836395","16.961590","15.468917","17.022124","17.350452","16.727433","18.268345","15.944198"
"SRR9606997","15.87060","10.63520","16.74990","13.21713","10.13702","16.49082","12.73293","15.32217","10.77904","15.73435","17.36310","18.07397","17.46625","16.71218","14.85824","16.69726","17.28707","16.30576","18.18591","14.90076"
"SRR9606998","16.52965","11.88582","17.26191","15.41379","11.55608","17.52237","15.64174","14.81858","13.38377","16.76285","17.93702","18.99697","18.34300","17.50020","16.01620","17.06815","17.59535","16.89972","18.48537","16.69471"
"SRR9606999","16.95539","12.14870","17.60852","14.25087","10.92617","17.72490","16.57336","16.57666","11.55091","16.91128","18.28966","19.05468","18.75910","17.87920","16.50501","17.64379","17.80731","17.67993","19.08579","16.67227"
"SRR9607000","16.32708","12.02453","16.75805","14.20200","12.32179","16.97144","15.19626","15.29017","13.53411","16.17347","17.65731","18.35213","18.08825","17.27072","15.75685","16.92987","17.27461","16.83420","18.26284","15.94165"
"SRR9607001","16.51097","11.88880","17.11579","14.51276","13.44838","17.07670","16.08993","16.38910","11.94541","16.49063","18.06045","18.72264","18.31073","17.41734","16.04511","17.21584","17.60657","17.07878","18.54324","16.41678"
"SRR9607002","16.72764","12.37302","17.74587","14.01754","10.25985","17.47422","13.41677","17.22439","11.81486","17.05671","18.52724","18.98526","18.42963","17.50328","15.36781","17.69568","17.92168","17.27477","19.12526","16.38350"
"SRR9607003","15.97138","11.06302","16.63949","13.57036","12.16941","16.65965","14.95201","15.46411","11.12295","15.98825","17.37909","18.11781","17.73174","16.85856","15.33536","16.83736","17.20340","16.40710","18.08423","15.59397"
"SRR9607024","15.61738","10.50410","16.29003","12.73789","11.29801","16.49595","14.58969","14.81362","10.76391","15.61273","16.95074","17.71300","17.31322","16.49966","14.86239","16.56196","16.98407","15.93294","17.71442","15.06208"
"SRR9607025","16.69474","12.05437","17.53698","15.68364","11.04665","17.71996","15.45232","14.99838","12.96872","16.90397","18.19841","19.17052","18.46666","17.65288","16.10283","17.32042","17.73220","17.11264","18.76108","16.80772"
"SRR9607028","17.066856","12.232692","17.689394","14.162514"," 8.712183","17.785156","16.710244","16.582980","11.439464","16.962113","18.409044","19.118954","18.911047","17.978002","16.670627","17.803694","17.977963","17.919523","19.202696","16.926171"
"SRR9607029","15.874509","10.782355","16.643287","13.819502"," 9.730912","16.750275","14.410326","13.835873","11.074298","15.993953","17.315207","18.070101","17.606228","16.751969","15.171050","16.831520","17.210390","16.366701","18.040302","15.696283"
"SRR9607030","16.84397","12.17580","17.56973","14.85385","11.84611","17.64129","16.31099","15.85509","11.55458","16.94824","18.25429","19.09589","18.67768","17.77277","16.38471","17.56919","17.91169","17.54696","18.96338","16.92869"
"SRR9607031","16.37604","11.84370","17.08817","14.92295","12.51135","17.27301","15.34760","15.50305","12.48027","16.46500","17.82563","18.65025","18.13278","17.32019","15.71078","17.05688","17.47009","16.81507","18.41246","16.11447"
"SRR9607032","16.20313","11.28364","17.09260","14.96749","12.29173","16.90077","14.09587","15.33866","11.97125","16.33155","17.71533","18.66273","17.94650","17.10341","15.46091","16.97136","17.49103","16.48452","18.34972","15.96824"
"SRR9607033","16.29614","11.77781","17.04799","14.67048","11.48699","17.13856","15.66950","15.77217","12.50026","16.49526","17.75120","18.64144","18.13424","17.27567","15.84360","17.03121","17.38909","16.68933","18.37527","16.16402"
"SRR9607034","16.48466","12.29024","17.16023","14.94761","13.68727","17.30696","15.92980","16.12729","12.26000","16.55788","18.08612","18.85046","18.38638","17.43987","16.15020","17.17589","17.50583","17.11613","18.50109","16.45724"
"SRR9607039","15.939515","10.793129","16.685975","13.081632","10.245636","16.762031","14.828143","13.298829"," 9.680559","15.957150","17.277845","18.052478","17.712465","16.789929","15.319155","16.964551","17.337216","16.573270","18.057686","15.893313"
"SRR9607040","16.226569","11.241463","16.877940","14.118155"," 9.920665","16.989594","15.323361","14.857465","12.217627","16.216793","17.586197","18.402793","17.958693","17.135953","15.587330","17.028707","17.366078","16.709125","18.304645","16.035373"
"SRR9607041","16.71928","12.40864","17.23110","14.98643","14.40935","17.35912","16.40300","16.85450","10.94925","16.60591","18.42270","19.03174","18.57718","17.59282","16.31678","17.36570","17.65204","17.38160","18.75524","16.61486"
"SRR9607042","16.45085","12.13959","17.25804","15.48340","12.31725","17.37036","15.48339","15.14201","13.11057","16.61449","17.96585","18.94679","18.21019","17.45289","15.96277","16.96168","17.47601","16.54381","18.49048","16.07019"
"SRR9607043","16.63672","12.27560","17.37600","14.72740","11.90336","17.54883","16.00144","15.96842","12.15166","16.66785","18.08428","18.86543","18.41602","17.59417","16.15113","17.38147","17.60853","17.31896","18.71267","16.56346"
"SRR9607044","16.80757","12.04406","17.50464","14.86452","11.85587","17.65650","16.26018","16.02277","11.58462","16.81464","18.16464","18.96405","18.61820","17.73844","16.37026","17.56335","17.76109","17.52516","18.92790","16.69036"
"SRR9607085","16.13868","11.36943","16.96287","14.98971","10.35143","17.16144","14.75573","14.71487","11.98988","16.36434","17.64090","18.54724","17.82959","17.08933","15.43259","16.90749","17.37986","16.37631","18.19012","16.14787"
"SRR9607086","16.44096","11.82136","17.00119","14.83845","13.20754","17.02134","15.94372","16.53932","11.37189","16.39158","18.13035","18.72130","18.24604","17.32790","15.97543","17.13517","17.58258","17.01244","18.47960","16.58097"
"SRR9607089","16.53688","12.44739","17.21578","14.59953","12.23256","17.51139","15.56112","15.84952","13.00012","16.59201","17.93540","18.71335","18.31392","17.56380","16.06984","17.15782","17.47888","17.08968","18.57335","16.15114"
"SRR9607090","15.49754","10.00104","16.22882","12.80881","11.32501","16.43807","13.75753","13.88511","10.48730","15.50533","16.83645","17.66210","17.20988","16.38161","14.65071","16.57377","17.08158","15.79726","17.59822","15.11053"
"SRR9607091","16.58959","11.74139","17.24446","14.56776","11.01643","17.33138","16.01918","16.20333","11.22609","16.56151","18.03415","18.75714","18.35879","17.51816","16.08281","17.32792","17.58309","17.28650","18.68495","16.51863"
"SRR9607092","16.20743","11.66136","16.97392","14.83959","12.85764","17.10081","15.43464","15.67086","11.77943","16.40026","17.62400","18.54914","17.97702","17.17202","15.65883","16.87920","17.22275","16.66047","18.27367","16.18221"
"SRR9607175","16.79110","12.32673","17.37952","15.00658","12.71671","17.57409","16.51558","16.66842","12.52329","16.73456","18.17838","18.96683","18.64682","17.77301","16.36920","17.50440","17.81090","17.36293","18.80179","16.71850"
"SRR9607176","16.74217","12.19949","17.43736","15.00512","12.18524","17.70434","16.05682","16.09064","11.75325","16.71963","18.08986","18.90324","18.53449","17.70650","16.19435","17.46180","17.67055","17.39631","18.81839","16.43154"
"SRR9607177","16.95210","12.47803","17.60946","14.17223","13.37962","17.75346","16.24648","16.11785","12.36978","16.88839","18.26232","19.07158","18.79905","17.88255","16.48600","17.67057","17.87779","17.78161","19.03215","16.61151"
"SRR9607178","15.74269","10.69039","16.49059","13.45612","11.85420","16.54614","14.42132","14.68448","10.46436","15.83370","17.21827","17.93847","17.50083","16.60371","15.00745","16.76264","17.18772","16.23077","17.92380","15.38948"
"SRR9607179","16.067324","11.042719","16.747108","12.440786","11.107302","16.788385","15.043491","14.533931"," 9.942602","15.992157","17.387046","18.091928","17.833555","16.918806","15.418662","17.037706","17.343524","16.748854","18.202521","15.739158"
"SRR9607180","17.03747","12.38515","17.66862","14.58208","13.56975","17.68473","16.47659","15.15775","11.23834","16.92558","18.41919","19.11736","18.81101","17.86099","16.60114","17.81145","18.10116","17.85209","19.09412","17.13371"
"SRR9607181","16.72453","12.12414","17.37294","14.86944","12.50310","17.54548","16.35048","16.51745","11.90334","16.64867","18.10527","18.88039","18.53680","17.67256","16.24986","17.45681","17.66632","17.37736","18.80426","16.57139"
"SRR9607182","16.65929","11.86404","17.26335","14.23775","13.72627","17.34597","16.36913","16.53853","12.05476","16.61718","18.00080","18.79326","18.44209","17.60687","16.18449","17.36103","17.66433","17.21021","18.71070","16.52651"
"SRR9607183","16.46774","11.94578","17.08264","14.28493","13.34767","17.07091","16.01028","16.35969","11.69332","16.42524","17.99575","18.67197","18.29591","17.38277","16.03172","17.20033","17.52498","17.07622","18.53000","16.26685"
"SRR9607184","16.97532","12.48345","17.60555","14.42824","13.65612","17.70082","16.45410","16.16747","11.22197","16.88931","18.41025","19.12478","18.83221","17.85890","16.55052","17.72992","17.95862","17.87766","19.05487","16.84269"
"SRR9607198","15.99993","10.80574","16.72039","14.06412","10.53815","16.80326","15.04196","14.60196","11.45290","16.08325","17.34679","18.23189","17.75364","16.90495","15.34100","16.89630","17.26431","16.40496","18.07361","15.85620"
"SRR9607199","16.70109","12.19880","17.42282","14.53106","12.69863","17.41993","15.98906","15.35319","12.18485","16.80094","18.07527","18.85471","18.51593","17.62409","16.27136","17.44769","17.79421","17.42877","18.77859","16.71992"
"SRR9607204","15.482392"," 9.875285","16.231719","13.287785","11.215497","16.457521","14.018345","13.809412","10.849084","15.574200","16.850158","17.678796","17.159865","16.341368","14.636630","16.572029","17.045258","15.734880","17.580237","15.179088"
"SRR9607205","16.52494","11.97663","17.43693","15.86447","11.54476","17.75741","15.13877","14.69822","12.17711","16.83913","18.09116","19.09470","18.23845","17.51391","15.89562","17.13121","17.59831","16.70668","18.48735","16.73023"
"SRR9607206","16.76322","12.30105","17.41253","14.98162","10.16993","17.58497","16.20026","16.24349","12.83552","16.77272","18.20279","19.06826","18.60855","17.74703","16.28385","17.51168","17.85422","17.29088","18.82107","16.68066"
"SRR9607207","16.39526","11.87457","17.14996","14.75428","12.04754","17.29315","15.65802","15.71443","11.89297","16.52761","17.74696","18.75092","18.20914","17.38334","15.86645","17.00359","17.37039","16.85422","18.46100","16.09177"
"SRR9607208","15.77394","10.73897","16.50513","13.80419","10.77425","16.59213","14.51046","14.63019","11.56788","15.85436","17.18638","17.94605","17.47329","16.66442","15.05986","16.69087","17.13997","16.04107","17.88943","15.38436"
"SRR9607209","16.80417","12.17787","17.64747","15.77762","13.47926","17.67262","15.82153","15.65586","13.21855","17.02414","18.23283","19.28425","18.54558","17.80135","16.20518","17.44500","18.02393","17.07808","18.75502","16.85192"
"SRR9607210","16.81324","12.60460","17.43885","14.88742","12.29323","17.84507","16.52188","16.62164","12.15109","16.73825","18.22600","19.02946","18.67406","17.78882","16.35289","17.51685","17.65543","17.46352","18.90407","16.47905"
"SRR9607211","16.67822","11.96084","17.42398","14.86137","11.60987","17.58090","15.95353","15.39433","11.46945","16.75753","18.06915","18.92925","18.48461","17.60682","16.17952","17.41049","17.67684","17.35040","18.76872","16.63218"
"SRR9607236","16.04406","11.21836","16.85190","14.77549","10.04625","17.02014","14.63865","14.65057","11.82081","16.26849","17.51295","18.41576","17.72601","16.98031","15.31239","16.84977","17.30514","16.27514","18.11128","15.99687"
"SRR9607248","15.70335","10.50228","16.49025","14.24664","10.33229","16.69024","14.17636","14.00847","10.48198","15.81744","17.14039","17.98628","17.44419","16.59010","15.01453","16.69668","17.01709","15.96709","17.87568","15.58655"
"SRR9607271","16.61816","12.30591","17.25430","15.23359","14.96128","17.23316","15.91131","16.33920","12.71364","16.63697","18.14445","18.92390","18.33174","17.55799","15.72398","17.12233","17.63557","16.93181","18.48511","16.71490"
"SRR9607272","16.721555","11.817310","17.463756","14.758971"," 9.671753","17.559050","16.233093","15.661846","11.971384","16.815476","18.084379","19.007293","18.570429","17.644059","16.298453","17.510782","17.866672","17.368483","18.800703","16.846716"
"SRR9607279","16.75373","12.29991","17.36771","14.71735","11.05264","17.48723","16.30093","16.50051","12.94845","16.76026","18.17252","18.96605","18.62329","17.69541","16.26668","17.44512","17.75414","17.40902","18.81258","16.66334"
"SRR9607280","16.29700","11.49567","17.00629","15.08805","12.21868","17.19902","15.63000","15.60785","12.48590","16.42811","17.73886","18.70514","18.07153","17.26462","15.73122","16.91773","17.36302","16.62557","18.29178","16.32034"
"SRR9607281","15.359461"," 9.554471","16.125042","12.649395"," 9.197782","16.345627","13.321606","12.631556"," 9.686028","15.381967","16.742486","17.468000","17.028487","16.178280","14.421153","16.528670","16.962503","15.724317","17.519167","14.974925"
"SRR9607282","16.98229","12.56917","17.59822","14.81111","12.77110","17.90463","16.31646","16.89049","11.43799","16.90472","18.37059","19.17517","18.81793","17.94260","16.49210","17.65167","17.82111","17.66522","19.05827","16.35892"
"SRR9607283","16.04025","11.06323","16.76664","14.37245","11.50875","16.93351","14.71772","15.07517","11.24504","16.11251","17.44566","18.23646","17.77943","16.95654","15.30483","16.90992","17.27817","16.45419","18.14287","15.66640"
"SRR9607284","16.74403","12.20622","17.27263","14.21070","13.37716","17.36272","16.10995","15.74517","13.61577","16.72428","17.96714","18.74126","18.56234","17.63154","16.20969","17.29174","17.69463","17.47677","18.80279","16.50504"
"SRR9607285","16.097741","11.083322","16.749983","13.888345"," 9.783735","16.845166","15.075237","14.712482","12.030671","16.050995","17.460756","18.249156","17.820025","16.998394","15.430083","16.939967","17.279522","16.568212","18.187063","15.867621"
"SRR9607286","16.80176","12.42226","17.45549","14.79131","13.14463","17.56178","16.30358","15.98915","12.46912","16.85748","18.14810","18.99766","18.62963","17.77327","16.37244","17.53143","17.86621","17.48072","18.83179","16.87617"
"SRR9607327","17.03226","12.63376","17.56414","14.06133","12.46030","17.91090","16.87220","17.16584","12.09039","16.86515","18.42235","19.18290","18.96026","18.01469","16.65068","17.79871","18.08336","17.74082","19.06158","17.06093"
"SRR11574864","16.22717","11.30288","17.14947","14.89962","11.20988","16.94466","14.14115","15.36727","12.34453","16.24007","17.73305","18.73774","17.96402","17.16430","15.49288","16.92894","17.59024","16.51036","18.39786","16.04344"
"SRR11574868","16.803690","11.784856","17.894398","15.648680"," 9.873367","17.496955","15.609569","14.509759","12.597715","17.206575","18.155181","19.531709","18.765908","17.786694","16.347162","17.613312","18.188967","17.338718","18.971761","17.336476"
"SRR11574870","16.438398","11.710894","17.339931","15.462493"," 9.588377","17.328611","14.842491","15.252217","12.036832","16.576321","17.994805","18.909334","18.159327","17.399367","15.832072","17.094735","17.622390","16.732701","18.495437","16.519071"
"SRR11574871","16.48564","12.18929","17.18162","15.04781","10.52886","17.45851","15.67254","15.95841","12.32743","16.56291","17.99515","18.83754","18.30024","17.46733","16.06318","17.18381","17.46717","16.83570","18.58277","16.11241"
"SRR11574872","16.19531","11.07232","16.98004","14.58600"," 9.49051","16.90534","14.89448","14.86823","11.42507","16.37001","17.55502","18.41891","17.94593","17.08950","15.61397","17.09346","17.46614","16.66741","18.31598","16.33585"
"SRR11574873","16.85821","11.73708","17.44057","14.59706","10.72475","17.35069","15.82664","16.82999","11.78298","16.77259","18.31501","18.98007","18.65870","17.72575","16.25254","17.67318","17.96621","17.59802","18.98448","16.94336"
"SRR11574875","16.42440","11.86642","17.33850","15.59088","10.42128","17.42705","15.18956","14.35983","12.31929","16.75285","17.96334","18.95994","18.18543","17.41120","15.89595","17.01786","17.58281","16.65485","18.44409","16.57462"
"SRR11574876","16.61091","12.02409","17.33274","15.15817"," 9.70936","17.32170","15.36926","14.45018","13.85090","16.72628","17.87798","18.93308","18.44938","17.51866","16.17202","17.28495","17.74768","17.01614","18.69440","16.60425"
"SRR11574879","16.16820","11.23830","17.04515","14.86423","10.23628","16.79908","13.44075","15.35822","12.40600","16.17442","17.62928","18.46887","17.80073","17.06881","15.29939","16.87155","17.53236","16.38207","18.29452","15.86879"
"SRR11574884","15.94705","10.47647","16.82753","14.66172"," 8.40314","16.81661","14.20686","13.14162","10.69850","16.15601","17.37927","18.29752","17.63026","16.84018","15.23454","16.98517","17.46856","16.20345","18.07339","16.12497"
"SRR11574885","16.50562","11.79427","17.33449","15.31769","12.02267","17.29260","15.49752","15.22894","12.34355","16.74375","17.98179","18.90294","18.33090","17.45676","16.01711","17.28192","17.69649","16.94782","18.55650","16.65609"
"SRR11574886","16.251040","11.293516","17.054710","13.907435"," 7.236301","16.978732","14.838994","14.606935","11.606104","16.331484","17.563574","18.579998","18.125687","17.195756","15.673059","17.145626","17.736407","16.784827","18.375822","16.313365"
"SRR11574887","16.058198","10.778009","16.927144","14.505508"," 8.381456","16.769695","14.078959","14.672552","11.826337","16.126574","17.511509","18.377694","17.657575","16.973230","15.101042","16.907125","17.505373","16.327441","18.245740","15.760100"
"SRR11574888","15.985876","10.606800","16.880040","14.242443"," 8.117435","16.827310","13.386105","13.881371","11.230201","16.182233","17.438976","18.297154","17.639155","16.899502","15.083476","16.954923","17.668197","16.352808","18.167547","15.837536"
"SRR13921607","16.84800","11.53367","18.15767","16.30469","10.44490","17.66192","16.62321","11.40303","12.87363","17.53124","18.19128","19.75125","18.82723","17.72274","16.30694","17.67168","17.74589","17.39366","18.98272","17.51762"
"SRR13921618","16.73664","12.02603","17.72354","16.05809","11.88655","17.65329","15.87828","14.36913","14.08190","17.23116","18.12585","19.45703","18.61265","17.70089","16.22115","17.26723","17.90440","16.96238","18.87536","17.05732"
"SRR13921619","16.67190","11.83862","17.68977","16.28978","12.27020","17.75281","15.45720","13.56457","13.96507","17.11979","18.16745","19.40314","18.53534","17.60282","16.12065","17.29084","17.74166","16.92807","18.81599","17.21025"
"SRR13921620","15.65527","11.63294","16.90832","14.18370","11.43334","16.72949","13.30437","13.09925","11.86128","16.33126","17.11503","18.31737","17.76390","16.78992","15.36378","16.49316","16.66659","16.39190","18.13267","15.80948"
"SRR13921621","16.56963","11.30342","17.76731","16.12925","10.72174","17.61602","15.62957","11.98068","12.99234","17.05289","18.03423","19.36643","18.44942","17.47886","16.03671","17.42982","17.62567","16.88823","18.80177","17.14305"
"SRR13921630","16.66320","11.79615","17.66028","16.38438","10.33257","17.76978","16.04206","12.01302","13.32265","17.20947","18.18506","19.51185","18.55613","17.67432","16.42833","17.39174","18.06214","16.58693","18.61558","17.11496"
"SRR13921641","16.65729","11.87978","17.78388","16.21243","12.41542","17.67869","15.65310","13.35182","13.87208","17.09379","18.10372","19.42916","18.50563","17.57010","16.10588","17.33012","17.77028","16.93603","18.81227","17.24023"
"SRR13921652","16.69919","12.62799","17.61326","16.09189","13.28539","17.70935","14.72622","14.21104","14.21685","17.03949","18.26726","19.35224","18.56672","17.67758","16.19015","17.12691","17.85374","16.92887","18.70688","16.70762"
"SRR13921659","16.58867","11.47783","17.68302","16.28282","11.63939","17.78017","15.63010","11.85803","13.12816","17.09601","18.09162","19.36686","18.41607","17.53593","16.06531","17.22942","17.64088","16.77477","18.67443","17.25925"
"SRR13921660","16.68389","12.00938","17.72407","15.99463","12.70764","17.46693","15.70513","10.78449","14.17747","17.22232","18.00160","19.42647","18.53300","17.67323","16.25775","17.15689","18.05878","16.44944","18.86919","16.84712"
"SRR13921661","16.84141","11.77909","18.05478","16.50637","12.25238","17.76711","16.19739","12.66790","12.45454","17.50227","18.31743","19.74044","18.77326","17.76247","16.39551","17.70050","17.98928","17.20251","19.00227","17.43319"
"SRR13921662","16.74216","12.30010","17.78754","16.29909","13.70984","17.67039","15.51727","14.09500","14.20261","17.29142","18.22754","19.57270","18.69822","17.72176","16.38811","17.33241","17.97979","16.92780","18.90135","17.07893"
"SRR13921663","16.63053","11.63914","17.67105","16.18485","11.81761","17.68080","15.88026","12.67315","13.57065","17.04224","18.04625","19.38156","18.45758","17.57741","16.03481","17.09456","17.69631","16.85090","18.69161","17.13316"
"SRR13921664","16.76379","11.77586","17.84677","16.28198","12.02163","17.67502","15.43684","13.01402","14.74273","17.32693","18.22014","19.50949","18.65771","17.69924","16.39690","17.41718","18.04544","16.94184","18.90990","17.32447"
"SRR13921665","16.72019","11.82984","17.71669","16.16848","10.97724","17.70530","16.01034","12.82385","13.87602","17.17779","18.05103","19.48733","18.59262","17.69923","16.15294","17.11343","17.79464","16.80824","18.79580","17.09432"
"SRR13921666","16.74884","11.72158","17.81982","16.40343","12.37967","17.70899","16.06621","12.63119","13.72344","17.39460","18.27465","19.54651","18.62778","17.72894","16.57594","17.60861","18.31065","16.80393","18.76860","17.34041"
"SRR13921677","16.48697","11.85233","17.45813","15.87350","11.38845","17.50429","15.28392","14.03530","13.49844","16.86064","17.96123","19.05296","18.33390","17.44622","16.08121","17.13793","17.58363","16.69987","18.57160","16.85926"
"SRR13921688","16.72163","11.83506","17.84676","16.22733","12.31926","17.72069","15.94072","13.88470","13.16801","17.26277","18.13475","19.51193","18.60136","17.67571","16.21273","17.31600","17.77863","16.99696","18.83699","17.16649"
"SRR13921690","16.66173","11.68664","17.67889","15.97752","11.12885","17.64188","15.86222","13.73992","12.85938","17.08952","18.13831","19.31164","18.51016","17.59601","16.24138","17.42065","17.82074","17.04389","18.78023","17.10797"
"SRR13921691","16.64531","11.75646","17.66735","16.27646","12.06786","17.75317","15.41259","13.53407","13.81702","17.08515","18.14339","19.36516","18.49386","17.57658","16.09072","17.26233","17.69897","16.89519","18.77988","17.20609"
"SRR13921692","16.63846","11.42408","17.81652","16.23983","10.84550","17.76256","15.76102","12.78538","13.10871","17.17568","18.14071","19.43296","18.50213","17.57513","16.06067","17.32501","17.69320","17.01862","18.74127","17.13286"
"SRR13921693","16.79511","11.72379","18.12168","16.29115","11.15466","17.81736","16.08508","13.47841","11.71579","17.49454","18.26834","19.71088","18.76619","17.72370","16.19456","17.61674","17.71228","17.37991","18.93759","17.12185"
"SRR13921694","16.84141","11.89169","17.99821","16.40826","12.71999","17.68296","15.87269","10.92886","14.18630","17.50205","18.26362","19.67742","18.77996","17.76933","16.47136","17.61097","18.07130","17.08178","19.07632","17.43833"
"SRR13921695","16.65832","11.74359","17.84730","16.34109","11.79869","17.69909","15.75807","12.55491","12.21965","17.23685","18.18068","19.50221","18.53446","17.61510","16.21866","17.48363","17.86578","16.91237","18.73105","16.99461"
"SRR13921696","16.88743","11.58778","18.00263","16.53102","10.43404","17.99272","16.48067","12.84395","13.87433","17.44050","18.36746","19.74194","18.79037","17.85359","16.27066","17.43716","18.10628","17.21179","18.80410","17.47511"
"SRR13921697","16.51477","11.85763","17.42778","16.06535","11.95934","17.68940","15.03619","13.97163","13.57971","16.84555","18.03848","19.12252","18.31693","17.49215","16.00856","17.02463","17.57444","16.68052","18.59471","16.99260"
"SRR13921698","16.63014","11.87397","17.68732","16.09487","13.15866","17.58169","15.71216","11.65170","13.22942","17.20862","18.02648","19.34120","18.45949","17.59566","16.22802","17.27688","17.81979","16.62685","18.82201","17.11249"
"SRR13921699","16.34582","11.29053","17.44933","16.00880","11.83503","17.55850","14.58219","10.20056","12.64892","16.79834","17.91480","19.05099","18.19862","17.26022","15.90009","17.22647","17.45870","16.40647","18.63615","16.90161"
"SRR13921700","16.600838","11.783575","17.727633","16.210052","12.054808","17.655478","15.421000"," 9.982395","13.679142","17.264316","18.113520","19.419020","18.488681","17.597303","16.137050","17.195698","17.802991","16.839666","18.711704","17.060548"
"SRR13921701","16.643544","11.548974","17.742615","16.374797","11.664812","17.665173","15.988142"," 8.229876","13.215103","17.274488","18.212070","19.451644","18.497084","17.614214","16.458056","17.576314","18.282579","16.738190","18.648757","17.339712"
"SRR13921702","16.75790","11.42825","17.82168","16.38063","12.40140","17.83763","16.20164","13.94399","13.36008","17.33025","18.14775","19.58574","18.69501","17.73815","16.13364","17.14984","17.94949","16.93178","18.89064","17.05556"
"SRR13921703","16.57868","11.87872","17.61552","16.17711","12.61388","17.58161","15.07172","11.46234","13.94708","17.13324","18.04929","19.27540","18.43013","17.53834","16.13708","17.19035","17.73679","16.73221","18.73472","17.09618"
"SRR13921704","16.46149","11.60976","17.50401","15.85239","11.15826","17.55619","15.08382","13.98518","12.55076","16.84951","17.96956","19.04853","18.26122","17.39462","15.93295","17.22468","17.55241","16.76584","18.61491","16.82271"
"SRR13921705","16.48240","11.62358","17.45867","15.99573","12.03324","17.57758","15.43029","14.31436","13.27330","16.83388","17.97606","19.16002","18.29171","17.43383","15.93090","17.05649","17.50153","16.70566","18.57477","16.98939"
"SRR13921706","16.63068","11.58783","17.74650","15.97238","11.32563","17.54777","15.68977","13.16889","12.84511","17.06855","18.03899","19.40991","18.49613","17.58587","16.10533","17.28470","17.79407","16.94242","18.76982","17.13294"
"SRR13921707","16.87026","11.86069","18.03785","16.28702","11.88666","17.78251","16.40338","13.82839","12.88809","17.44009","18.28568","19.68130","18.80026","17.78290","16.41537","17.60853","17.78458","17.30485","18.99700","17.40270"
"SRR13921708","16.47152","11.88268","17.49252","15.88275","10.71266","17.55679","14.82761","14.03994","12.88310","16.89197","18.00758","19.09867","18.28011","17.44806","15.96728","17.13613","17.50680","16.69916","18.58425","16.85803"
"SRR13921709","16.598478","11.533546","17.687793","16.243760"," 9.193254","17.781941","15.603276","10.986112","13.188608","17.053045","18.088448","19.395916","18.431588","17.560728","16.064746","17.172224","17.751749","16.726878","18.683104","17.147726"
"SRR13921710","16.86902","11.68917","18.11867","16.35997","12.14442","17.77631","16.57678","11.57015","12.76579","17.48713","18.24129","19.77911","18.79324","17.78009","16.28458","17.49917","17.84788","17.30689","18.97129","17.29482"
"SRR13921721","16.77489","11.56194","17.96151","16.26596","11.77774","17.68242","16.38410","11.79007","13.18207","17.33028","18.13986","19.63246","18.65959","17.69132","16.25336","17.42644","17.80008","17.12511","18.90441","17.31429"
"SRR13921732","16.72281","11.87288","17.76731","16.09958","11.39371","17.74382","15.97149","14.28936","13.45784","17.17733","18.16661","19.42866","18.59747","17.66090","16.18931","17.37864","17.74895","17.04063","18.82462","17.09923"
"SRR13921739","16.56735","11.87364","17.66504","16.03585","11.90037","17.49276","15.92891","12.43578","12.79454","16.98958","17.97055","19.35241","18.40908","17.53536","16.12844","17.11736","17.81039","16.56330","18.78435","16.77442"
"SRR13921740","16.47153","11.88541","17.40376","15.79438","11.99643","17.45888","15.18211","14.37234","13.47010","16.80052","17.94716","18.99839","18.30812","17.43249","16.04416","17.10296","17.55420","16.69067","18.55159","16.80156"
"SRR13921741","16.64060","11.46908","17.73511","16.37839","11.39995","17.72729","15.64988","10.66796","14.27181","17.23070","18.19364","19.46629","18.51369","17.62108","16.33294","17.39154","18.17979","16.70031","18.67089","17.27852"
"SRR13921742","16.50684"," 0.00000","17.75834","15.77473","12.47931","17.17464","16.40735","10.65067","12.08868","17.05784","17.76143","19.54301","18.47204","17.38517","15.98147","17.19458","17.68003","16.77680","18.80446","16.74089"
"SRR13921743","16.67054","11.38822","17.80855","16.19169","10.92113","17.68931","15.97744","13.12570","13.25895","17.20682","18.10552","19.41853","18.53741","17.59326","16.01446","17.41732","17.76789","16.99162","18.82991","17.31023"
"SRR13921744","16.78838","11.40955","18.10253","16.39215","11.26322","17.79699","16.21458","13.19072","11.50431","17.42858","18.24602","19.66317","18.69800","17.67945","16.08969","17.64090","17.68352","17.30446","18.95133","17.36545"
"SRR13921745","16.73210","11.89327","17.72162","16.13546","11.78108","17.78156","16.05263","14.41479","13.88190","17.20151","18.18235","19.46327","18.61622","17.69829","16.23834","17.26051","17.83097","16.95634","18.81831","17.13685"
"SRR13921746","16.52422","11.59904","17.65440","15.96902","11.43522","17.43089","15.85598","13.26708","12.86860","17.06704","17.96956","19.34830","18.40530","17.46381","16.07175","17.27651","17.66825","16.72467","18.69523","16.90927"
"SRR13921747","16.781021","11.721913","17.966760","16.066003"," 9.076495","17.671479","16.223385","14.442784","11.982895","17.292461","18.174100","19.502634","18.695505","17.686042","16.297399","17.616675","17.721176","17.299953","18.959962","17.350574"
"SRR13921748","16.66443","11.76303","17.65129","16.13185","11.30577","17.78370","16.18915","13.89255","13.89739","17.13991","18.09781","19.45856","18.54529","17.66166","16.11632","16.96453","17.62775","16.97122","18.56189","17.15588"
"SRR13921749","16.80256","11.73151","17.95409","16.26567","11.26242","17.77312","16.12594","13.94460","13.06725","17.32920","18.21720","19.57816","18.69355","17.75369","16.28944","17.47082","17.82702","17.16914","18.88435","17.34849"
"SRR13921757","16.81901","12.41982","17.75106","16.32647","13.62061","17.63303","15.13118","14.10005","15.04563","17.34122","18.32773","19.50090","18.75078","17.75444","16.41979","17.28366","18.01073","17.05822","18.94741","17.18537"
"SRR13921768","16.92603","11.93831","18.10228","16.51479","12.42758","17.85170","16.32856","12.29789","13.53153","17.56128","18.34984","19.78717","18.86727","17.86534","16.47395","17.56790","17.95673","17.25526","19.04919","17.44744"
"SRR13921769","16.78802","12.04907","17.88077","16.11260","12.49480","17.63277","16.05442","14.52048","14.00567","17.30671","18.16552","19.48196","18.72498","17.71562","16.39497","17.46250","17.80938","17.24575","18.91114","17.23824"
"SRR13921770","16.60299","11.51186","17.52673","16.05396","11.22324","17.69346","15.81481","14.76319","13.57670","16.93819","18.04245","19.24613","18.44019","17.57152","16.09052","17.11661","17.71824","16.84811","18.69007","17.07092"
