"","Imidazole Propionate","Bile Acid Pool","Indole & Indole Derivatives","Branched Chain Amino Acids","Trimethylamine N-oxide (TMAO)","Oxidative stress","Cysteine Derivatives","meta2$Cohort"
"BM000175","13.17072","15.68653","10.46639","17.29461","16.28359","13.00590","17.77464","AMILI"
"BM000179","14.27245","16.10184","12.24599","17.26363","16.10286","12.73494","17.58483","AMILI"
"BM000186","14.07765","15.71620","12.97253","17.19032","16.06897","13.31851","17.69255","AMILI"
"BM000201","15.60641","16.40602","14.15745","17.31169","15.92088","13.02121","17.73020","AMILI"
"BM000214","15.31416","15.97092","14.49251","16.97611","15.49547","13.33116","17.26745","AMILI"
"BM000217","11.85993","15.03626","12.71968","16.51112","14.87828","11.31461","16.80881","AMILI"
"BM000219","15.09017","15.69760","13.40564","17.15471","15.82683","13.24042","17.51166","AMILI"
"BM000227","14.21795","15.23370","13.11574","17.04065","15.86528","12.73910","17.48954","AMILI"
"BM000228","14.73793","15.57145","13.36926","17.12492","15.93646","13.11707","17.55550","AMILI"
"BM000235","15.81719","15.83807","13.01446","16.94257","15.40478","13.01720","17.36579","AMILI"
"BM000236","14.35182","15.72458","13.88377","17.23814","16.14032","13.39326","17.66749","AMILI"
"BM000242","14.45640","15.39269","12.48413","16.89364","15.74655","12.39156","17.42306","AMILI"
"BM000244","15.47465","15.58734","11.90834","17.17999","15.75221","12.17709","17.59038","AMILI"
"BM000252","15.37270","15.14003","13.42421","16.95975","15.66889","12.50705","17.42014","AMILI"
"BM000256","15.30016","15.68330","12.84067","17.08363","15.56354","12.81578","17.40973","AMILI"
"BM000258","15.13458","15.99097","11.94664","17.11821","15.27766","12.35265","17.64166","AMILI"
"BM000263","15.31854","15.58730","12.83128","17.21880","16.06257","13.43528","17.65134","AMILI"
"BM000269","14.86501","15.74764","11.44304","17.10124","15.49820","12.23153","17.48279","AMILI"
"BM000275","16.52229","16.34345","14.60033","17.25566","16.02132","12.73966","17.60897","AMILI"
"BM000276","14.38948","15.71109","12.44174","17.14834","16.02395","12.71551","17.64092","AMILI"
"BM000279","14.99325","15.75140","13.95033","17.17959","15.81312","12.91682","17.66727","AMILI"
"BM000280","14.96997","15.68774","14.33160","17.29120","16.14607","13.41556","17.77640","AMILI"
"BM000285","15.09778","15.12074","13.75947","16.90968","15.30641","13.98323","17.29661","AMILI"
"BM000288","14.76572","15.66444","13.42224","16.96428","15.57539","12.50215","17.31833","AMILI"
"BM000292","15.66005","16.41171","13.39769","17.22421","15.77368","13.05250","17.63051","AMILI"
"BM000297","14.27939","15.52925","12.38555","16.88118","15.56344","12.63154","17.34186","AMILI"
"BM000304","14.20365","15.90827","12.26207","17.15286","15.68726","12.85209","17.46245","AMILI"
"BM000311","13.95721","15.69377","12.54672","17.15189","16.03937","12.81896","17.56622","AMILI"
"BM000314","14.42383","15.53880","11.01677","16.84129","15.51013","12.24323","17.27240","AMILI"
"BM000317","14.16344","15.50446","11.67715","16.79711","15.56045","12.73332","17.28640","AMILI"
"BM000325","14.59277","15.61647","14.30056","17.01866","15.37709","13.08305","17.33506","AMILI"
"BM000326","15.04303","15.93290","13.51105","17.07284","15.50970","13.00412","17.38874","AMILI"
"BM000334","15.20119","15.59312","12.21908","17.12107","15.84738","12.42593","17.55136","AMILI"
"BM000339","15.07807","16.02503","13.45118","17.30014","15.95896","12.99046","17.65100","AMILI"
"BM000048","15.69290","15.30371","12.25849","17.18810","15.47977","13.52335","17.92578","AMILI"
"BM000051","15.20547","16.06091","12.15262","17.19394","15.95189","12.91237","17.65754","AMILI"
"BM000053","14.71809","16.01327","12.49543","17.21297","15.80785","12.96696","17.52377","AMILI"
"BM000055","13.68618","15.09000","11.79418","16.95793","15.75732","13.01077","17.45466","AMILI"
"BM000056","15.54174","16.08278","11.74084","17.13901","15.54125","12.33117","17.50631","AMILI"
"BM000057","14.95010","15.88170","13.40742","17.25643","16.04211","13.09447","17.64524","AMILI"
"BM000058","15.52157","15.78393","12.66961","16.92476","15.62040","13.27717","17.41821","AMILI"
"BM000070","14.27553","15.34854","11.72726","16.91646","15.65770","12.51456","17.35937","AMILI"
"BM000360","14.91819","15.64605","12.54438","17.18100","15.89116","12.72144","17.63016","AMILI"
"BM000363","16.05159","16.00842","12.68613","17.17886","15.57592","12.73721","17.66120","AMILI"
"BM000366","14.37008","16.11750","12.31069","17.14315","15.73973","12.59498","17.45361","AMILI"
"BM000372","15.58438","16.11788","12.59390","17.20068","15.79972","12.79724","17.57162","AMILI"
"BM000380","15.15594","15.61376","12.32334","17.06892","15.80747","12.80672","17.62597","AMILI"
"BM000387","15.74731","16.50406","12.26493","17.19946","15.14176","12.10761","17.36265","AMILI"
"BM000388","16.02487","15.57980","12.99604","17.13337","15.52070","12.59470","17.59855","AMILI"
"BM000392","16.00108","15.86705","12.18471","17.03142","15.17322","12.24339","17.70443","AMILI"
"BM000394","16.38502","16.40011","11.81491","17.00261","15.45932","12.78646","17.41933","AMILI"
"BM000396","15.99461","15.76534","12.15013","17.11566","15.98923","12.71291","17.57506","AMILI"
"BM000400","15.62544","15.74597","12.92523","16.91691","15.49139","13.12286","17.39599","AMILI"
"BM000404","14.29278","15.75657","12.51602","17.04394","15.63303","12.21928","17.10517","AMILI"
"BM000415","16.59815","16.65661","12.91614","17.26676","15.66514","13.39658","17.83230","AMILI"
"BM000416","15.12214","15.82694","12.32578","17.26175","15.83827","12.69563","17.71436","AMILI"
"BM000420","14.89285","15.82090","12.81707","17.01627","15.67367","12.85433","17.39593","AMILI"
"BM000424","14.37249","16.09642","12.55848","17.08326","15.46175","12.90803","17.32081","AMILI"
"BM000426","14.95154","15.83942","11.93857","16.96271","15.66374","12.72172","17.45540","AMILI"
"BM000431","15.62071","16.21303","12.41143","17.05129","15.33592","12.72833","17.40832","AMILI"
"BM000435","14.69697","15.93840","12.13776","17.06806","15.73271","12.72003","17.44355","AMILI"
"BM000439","14.75698","15.83409","12.33817","17.04670","15.67558","12.90561","17.46297","AMILI"
"BM000444","15.22186","15.84968","12.63257","17.13577","15.80828","13.17455","17.58111","AMILI"
"BM000445","14.50745","15.60811","12.34936","17.03946","15.65376","12.80248","17.38231","AMILI"
"BM000454","14.24062","15.55903","11.86491","16.93141","15.62991","12.49708","17.41107","AMILI"
"BM000456","15.13277","15.70722","12.04145","16.87843","15.32381","12.79441","17.25531","AMILI"
"BM000458","14.92817","15.64978","11.92448","17.09995","15.85146","12.90333","17.57627","AMILI"
"BM000460","14.79269","15.85734","11.51254","17.32146","16.13832","12.16821","17.68863","AMILI"
"BM000462","14.97935","16.09990","12.84301","16.86743","15.51120","12.29530","17.12268","AMILI"
"BM000469","14.61816","15.47810","10.96105","16.77646","15.39747","13.94353","17.24206","AMILI"
"BM000475","15.02025","15.94513","12.82282","17.09820","15.74172","13.06715","17.45853","AMILI"
"BM000476","15.40547","15.85063","12.24738","16.89192","15.56092","12.82042","17.42315","AMILI"
"BM000478","15.02096","15.89061","13.08373","17.09987","15.89603","13.18942","17.54249","AMILI"
"BM000483","15.58007","16.13987","13.05179","17.13658","15.78600","12.59433","17.61632","AMILI"
"BM000485","15.40815","15.91477","12.51231","16.93348","15.55842","12.60211","17.45833","AMILI"
"BM000495","15.97929","16.28568","12.59761","17.15189","15.74254","12.56270","17.71467","AMILI"
"BM000496","15.54636","15.93685","11.90629","17.01654","15.74808","12.76854","17.58687","AMILI"
"BM000499","15.28435","15.85055","12.58353","16.97834","15.69181","12.92317","17.46513","AMILI"
"BM000079","14.04330","15.56319","12.04338","17.18984","15.99951","12.68927","17.61180","AMILI"
"BM000081","14.25756","15.87069","12.19858","17.26653","16.10041","12.75735","17.67204","AMILI"
"BM000082","13.12481","15.68778","12.96924","17.30099","16.13881","12.55884","17.59295","AMILI"
"BM000085","14.85946","15.75974","12.47596","17.21979","16.05756","13.03967","17.65764","AMILI"
"BM000087","13.78058","15.35578","12.03293","17.02262","15.71961","13.06361","17.36698","AMILI"
"BM000089","14.86282","15.65816","12.19485","17.13404","15.97464","12.83767","17.58310","AMILI"
"BM000597","14.61593","15.76025","12.90228","17.18409","15.97954","13.44920","17.62946","AMILI"
"BM000601","14.02821","16.00410","12.79941","17.23161","15.64922","12.62006","17.47107","AMILI"
"BM000610","15.75399","16.13030","14.23823","17.16156","15.96861","13.25390","17.58739","AMILI"
"BM000612","14.77120","15.82033","12.51456","17.00238","15.66812","12.75519","17.41589","AMILI"
"BM000613","13.49693","15.14597","11.97940","16.73687","15.36304","12.15888","17.10078","AMILI"
"BM000619","14.86310","16.03094","13.75234","17.23361","15.74028","12.95340","17.57180","AMILI"
"BM000620","15.84038","15.57438","13.10908","16.88149","15.13985","13.06219","17.42108","AMILI"
"BM000623","14.48616","15.54548","12.15582","16.98819","15.69705","12.28763","17.45583","AMILI"
"BM000632","12.34133","14.65397","10.63012","16.55514","15.25592","14.03818","16.91635","AMILI"
"BM000635","14.49906","16.40579","10.24335","17.24831","15.46315","11.51314","17.50142","AMILI"
"BM000638","15.12532","16.15477","13.78212","17.39085","16.09225","13.25032","17.67727","AMILI"
"BM000646","14.66284","15.99602","12.48234","17.21724","15.65287","12.67524","17.33918","AMILI"
"BM000648","14.80550","15.75568","11.07492","17.15364","16.05683","13.01701","17.70973","AMILI"
"BM000649","13.86215","15.66710","11.53117","17.13144","16.02820","12.80560","17.66519","AMILI"
"BM000654","15.91148","15.96294","12.70684","16.96910","15.35904","12.49195","17.44836","AMILI"
"BM000657","12.94881","15.51501","12.09696","17.10190","15.86793","12.73987","17.44883","AMILI"
"BM000663","14.34179","15.91937","12.38083","17.20059","15.69102","12.47426","17.53695","AMILI"
"BM000665","14.54340","15.44276","12.03640","17.16901","16.18478","13.21643","17.65246","AMILI"
"BM000672","13.56163","15.47378","11.88196","16.96145","15.67775","12.28970","17.27989","AMILI"
"BM000673","14.04190","15.95779","11.37295","17.32446","16.13781","12.71678","17.69840","AMILI"
"BM000676","11.89755","14.70717","11.29195","16.52131","15.23149","11.97116","16.97116","AMILI"
"BM000681","13.92590","15.43189","11.72999","17.07703","16.01330","12.69999","17.55001","AMILI"
"BM000684","12.85795","15.17696","11.36920","16.70557","15.44083","12.20521","17.10497","AMILI"
"BM000687","14.73337","16.04933","12.52586","17.05639","15.26659","12.40479","17.18126","AMILI"
"BM000688","13.19529","15.89144","12.69770","17.09901","15.93098","12.88170","17.46239","AMILI"
"BM000692","13.21335","14.61419","10.65803","16.50945","15.28900","11.99578","16.92864","AMILI"
"BM000700","13.72293","15.38209","11.18715","16.83427","15.51755","12.99667","17.44661","AMILI"
"BM000708","14.43156","16.07449","13.21954","17.24840","15.80576","13.11316","17.44325","AMILI"
"BM000712","13.59452","14.74550","12.03640","16.41583","14.98461","12.14747","16.87383","AMILI"
"BM000715","15.49159","15.82595","13.39454","17.16771","15.77307","12.63725","17.54825","AMILI"
"BM000716","14.23995","15.82254","12.69715","17.27195","16.02558","12.57276","17.59168","AMILI"
"BM000719","15.20580","15.82228","12.11180","16.94270","15.62545","12.26346","17.39005","AMILI"
"BM000720","15.10638","15.76843","12.94584","16.94947","15.25499","12.56953","17.28852","AMILI"
"BM000721","13.50370","15.85174","12.76336","17.21007","15.99825","12.66943","17.53009","AMILI"
"BM000722","12.83966","15.77356","13.28060","17.10353","15.98347","12.80790","17.47841","AMILI"
"BM000727","14.76918","15.96858","12.76166","17.20251","15.77967","12.84384","17.46833","AMILI"
"BM000729","15.23628","15.83706","13.10451","17.19074","15.80148","13.34502","17.47894","AMILI"
"BM000733","14.97910","15.66744","12.45970","17.20703","16.04739","12.77496","17.65400","AMILI"
"BM000734","14.88632","16.11489","12.55800","17.14330","15.07820","12.22676","17.32148","AMILI"
"BM000735","17.38217","15.36796","15.42742","17.65627","16.32241","14.46174","18.01769","AMILI"
"BM000740","13.84281","15.74172","13.24276","17.22051","15.99595","12.91657","17.56875","AMILI"
"BM000743","14.12343","15.85828","12.00562","17.17986","15.85389","12.63004","17.53807","AMILI"
"BM000745","13.32397","15.59927","12.74521","17.10150","15.86704","12.70484","17.52317","AMILI"
"BM000751","14.01302","15.97778","11.43637","16.99758","15.40180","12.46074","17.38135","AMILI"
"BM000756","14.14876","16.03836","12.12250","17.11800","15.79489","12.97208","17.50313","AMILI"
"BM000767","14.36807","15.85649","11.95177","17.14881","16.03983","12.78358","17.71861","AMILI"
"BM000768","14.31293","15.92797","13.06979","17.13438","15.67110","12.41466","17.38133","AMILI"
"BM000892","14.19561","15.99510","12.81689","17.18148","15.68697","12.54729","17.37905","AMILI"
"BM000902","14.60170","15.70263","12.44990","16.96680","15.48952","13.09255","17.33131","AMILI"
"BM000916","14.83473","15.87598","11.96308","17.11291","15.89234","12.65336","17.55992","AMILI"
"BM000925","15.72181","15.49832","14.01144","17.11867","15.41140","12.91784","17.59094","AMILI"
"BM000931","15.41346","16.35857","13.07674","17.33016","15.48560","12.91177","17.49278","AMILI"
"BM000948","16.07131","16.33221","12.81048","17.19145","15.75779","13.45242","17.70476","AMILI"
"BM000954","14.56193","15.97357","12.89785","17.09640","15.62940","12.68733","17.38536","AMILI"
"BM001069","15.98133","15.84745","14.59711","17.11441","15.77666","12.57910","17.34396","AMILI"
"BM001070","13.82442","15.63070","12.11479","17.19730","16.00754","12.60404","17.63275","AMILI"
"BM001073","14.89944","15.53968","11.77619","16.52217","14.49173","12.22001","16.86144","AMILI"
"BM001078","13.919445","15.015230"," 8.418106","16.288389","14.820696","10.564334","16.799766","AMILI"
"BM001084","14.43664","15.83767","12.73129","17.20745","16.11242","13.23806","17.66974","AMILI"
"BM001091","13.52764","15.28116","12.98242","16.83105","15.33001","12.45872","17.07887","AMILI"
"BM001093","15.71014","16.08517","12.28757","17.09112","15.52836","12.70546","17.50454","AMILI"
"BM001094","14.86882","15.52019","12.18193","16.76134","15.16116","12.37987","17.21346","AMILI"
"BM001098","15.17581","15.86893","11.73413","16.92031","15.09590","11.92781","17.12229","AMILI"
"BM001103","14.53413","15.55518","11.93532","16.79436","15.46078","12.34907","17.23056","AMILI"
"BM001104","14.97291","15.83935","12.26571","17.06582","15.78417","12.76640","17.55619","AMILI"
"BM001107","14.66487","15.80362","12.36883","17.04207","15.70480","13.05930","17.45305","AMILI"
"BM001112","14.65304","15.55440","12.53250","16.98516","15.83547","12.94342","17.53483","AMILI"
"BM001115","15.44720","16.11633","12.77929","17.09047","15.78121","12.65465","17.57455","AMILI"
"BM001116","15.28148","16.04164","11.81960","17.15628","15.70296","12.20466","17.64707","AMILI"
"BM001117","15.44370","15.68386","14.56187","17.30002","16.00940","13.32272","17.79119","AMILI"
"BM001118","15.39567","16.00282","13.10281","17.18785","15.87972","12.51374","17.75957","AMILI"
"BM001119","15.92425","15.67716","15.02975","17.12770","15.39092","12.78695","17.69442","AMILI"
"BM001122","15.91022","16.25843","12.30455","17.08243","15.52579","13.01739","17.59020","AMILI"
"BM001124","14.98069","16.04359","12.26510","17.00004","15.21684","12.68162","17.31478","AMILI"
"BM001125","15.00209","16.01974","12.75880","17.16153","15.76732","12.91232","17.52716","AMILI"
"BM001126","14.15434","15.65948","12.04321","16.96112","15.66538","13.00356","17.36405","AMILI"
"BM001127","14.32532","15.66036","12.68845","16.91371","15.52509","12.84430","17.29734","AMILI"
"BM001128","14.43168","15.59151","12.24971","16.97267","15.77444","12.74719","17.50438","AMILI"
"BM001131","15.26269","16.26729","12.78423","17.18796","15.61161","12.69816","17.55227","AMILI"
"BM001133","15.70970","16.35196","12.92448","17.13544","15.46188","12.90055","17.48198","AMILI"
"BM001134","15.08445","16.06166","12.89395","17.07746","15.68095","12.98015","17.43970","AMILI"
"BM001137","14.73585","16.18816","12.71258","17.20023","15.43145","12.54599","17.35256","AMILI"
"BM001140","14.88058","16.02974","12.68572","17.20699","15.73291","12.83919","17.54451","AMILI"
"BM001141","14.93541","15.83921","12.12519","16.90011","15.39782","12.59400","17.25672","AMILI"
"BM001148","15.23175","16.04682","12.85000","17.18888","15.82303","12.95224","17.61509","AMILI"
"BM001152","14.73330","15.90217","12.29919","17.05923","15.73685","12.89252","17.50505","AMILI"
"BM001154","14.75833","15.71383","12.13796","16.92270","15.65340","12.50618","17.38731","AMILI"
"BM001159","14.81674","15.95206","12.74489","17.14965","15.83619","13.12793","17.57044","AMILI"
"BM001160","14.63947","15.91326","12.55470","17.04718","15.32912","12.56836","17.39795","AMILI"
"BM001161","13.78760","15.70641","11.71544","16.84312","15.40875","12.80591","17.30041","AMILI"
"BM001166","15.06367","16.04792","12.74966","17.14469","15.64824","12.65899","17.43340","AMILI"
"BM001169","15.39740","16.10631","12.73422","17.11847","15.65406","12.92233","17.50099","AMILI"
"BM001174","15.11624","15.91681","12.87402","17.06442","15.61561","12.72444","17.44586","AMILI"
"BM001177","15.51023","15.88641","12.40052","16.87536","15.43478","12.63126","17.37143","AMILI"
"BM001182","15.08584","15.85559","12.93140","16.98929","15.70964","12.99598","17.39403","AMILI"
"BM001183","15.68720","15.87676","13.02333","17.01075","15.53683","12.77882","17.38174","AMILI"
"BM001184","14.28868","14.86692","13.64582","16.58295","15.18183","12.48715","17.13869","AMILI"
"BM001189","13.83909","15.38906","12.43379","16.90427","15.69216","12.75223","17.32575","AMILI"
"BM001196","15.36265","16.06041","12.42935","16.98999","15.61937","12.70130","17.53473","AMILI"
"BM001202","13.48793","15.85967","13.14952","17.37685","16.15458","13.27679","17.64229","AMILI"
"BM001204","15.08611","15.79967","12.96266","17.16665","15.93670","13.05041","17.61221","AMILI"
"BM001205","14.66064","15.75474","13.33344","17.17823","16.02401","13.06430","17.60081","AMILI"
"BM001210","14.43171","15.61718","12.67138","17.15047","15.89020","12.88753","17.54317","AMILI"
"BM001217","14.19335","15.58318","12.54273","17.05356","15.90887","13.03917","17.51222","AMILI"
"BM001219","14.84791","15.71358","11.95757","16.92939","15.42766","12.73415","17.26389","AMILI"
"BM001227","14.40729","15.40934","11.92672","16.86280","15.24964","12.42562","17.33350","AMILI"
"BM001229","14.89023","16.23485","14.29099","16.96436","15.53132","12.92658","17.53553","AMILI"
"BM001234","15.35069","15.45761","14.96327","17.14133","15.79044","13.24835","17.55345","AMILI"
"BM001239","14.69007","15.99017","13.41756","17.26312","15.83649","13.00914","17.57705","AMILI"
"BM001240","15.72356","16.20176","14.08180","17.12167","15.63449","13.23672","17.55381","AMILI"
"BM001242","16.34102","16.15517","13.93630","17.11442","15.59113","12.77563","17.77787","AMILI"
"BM001244","15.23725","16.06434","13.58040","17.17961","15.83833","13.28262","17.65810","AMILI"
"BM001248","15.59169","16.23614","12.31161","17.20598","15.87241","12.57380","17.66560","AMILI"
"BM001250","14.85816","16.11140","12.80515","17.17652","15.61829","13.09393","17.43001","AMILI"
"BM001253","14.69567","15.26167","12.82500","16.76254","15.20448","12.37524","17.16545","AMILI"
"BM001259","15.68208","15.71752","13.50738","17.03140","15.69659","12.85687","17.57992","AMILI"
"BM000113","14.57710","15.50594","13.40582","17.00742","15.74691","12.92146","17.56001","AMILI"
"BM000115","14.21995","15.13932","13.35685","16.72405","15.52838","12.69000","17.25925","AMILI"
"BM000118","14.62363","15.33442","13.40530","17.24333","16.23821","13.58325","17.63468","AMILI"
"BM001352","16.49092","16.41611","14.22793","17.17345","15.32217","12.74218","17.63522","AMILI"
"BM000132","14.19079","15.77718","12.66510","17.13003","15.89258","13.15813","17.45583","AMILI"
"BM000136","15.00880","16.17940","12.42671","17.27941","15.95730","12.53511","17.66322","AMILI"
"BM000138","14.40879","15.84383","12.11694","17.01447","15.84909","12.88134","17.53682","AMILI"
"BM001376","15.94240","16.25159","12.30244","17.18067","15.80343","12.97320","17.63621","AMILI"
"BM001400","15.67068","16.03644","13.84579","17.04002","15.45035","12.91472","17.40021","AMILI"
"BM001407","13.322373","15.246138"," 9.712372","16.645836","15.646908","12.001617","17.476993","AMILI"
"BM001413","14.88136","16.09555","12.55691","17.21034","15.82375","12.84340","17.49054","AMILI"
"BM000152","14.21605","16.00143","11.44728","17.06803","15.40632","12.16957","17.33566","AMILI"
"BM000154","15.35484","15.94241","12.94712","17.28177","15.88523","12.79248","17.73123","AMILI"
"BM000158","14.69729","15.85420","10.20219","17.22904","16.00413","12.79432","17.71271","AMILI"
"BM001952","14.47271","15.31109","12.01404","17.05553","16.09271","12.46881","17.68945","AMILI"
"BM001964","14.74531","15.69048","11.89420","17.18185","15.99417","12.60178","17.69938","AMILI"
"BM001973","16.67807","16.24298","11.91642","16.63814","14.42542","12.84768","17.34982","AMILI"
"BM001974","15.70461","16.05634","11.28541","16.95582","15.03423","12.16717","17.40224","AMILI"
"BM001976","15.63738","16.07797","12.91415","17.22364","15.95899","13.53034","17.67383","AMILI"
"BM001977","15.76877","16.07398","11.64553","17.19532","15.88711","13.14872","17.58406","AMILI"
"BM001703","16.11050","16.18533","11.89654","17.10519","15.63437","12.59363","17.78812","AMILI"
"BM001706","15.61975","16.19299","12.58486","17.24138","15.76868","12.94625","17.61969","AMILI"
"BM001710","15.16130","15.94033","12.17488","17.02965","15.66362","12.64606","17.42031","AMILI"
"BM001716","16.38904","16.86968","12.34346","17.44621","15.98096","12.90501","17.86692","AMILI"
"BM001724","15.20167","15.86494","13.20847","17.12715","15.70757","13.22185","17.53238","AMILI"
"BM001731","14.99232","15.97751","11.98453","17.07930","15.41924","12.68547","17.37529","AMILI"
"BM001736","15.78084","16.31984","12.18715","17.17759","15.59823","12.90048","17.61241","AMILI"
"BM001923","13.42019","14.92892","11.23150","16.67826","15.26197","12.34059","17.12889","AMILI"
"BM001933","15.78987","15.80872","13.16285","17.10934","15.71450","12.88623","17.69914","AMILI"
"BM001942","16.10237","16.64328","10.27089","17.14809","15.41710","12.12436","17.62921","AMILI"
"BM001943","15.89886","16.42975","11.80011","17.21310","15.53285","12.53453","17.70150","AMILI"
"BM001948","16.628319","16.822609"," 9.448199","17.243731","15.515076","12.113930","17.762858","AMILI"
"SRR9606838","15.35830","14.89818","11.96751","15.94561","13.53284","10.93143","16.62953","Public"
"SRR9606839","14.803972","15.236211"," 9.938315","16.144357","14.024404","12.077721","16.934173","Public"
"SRR9606840","13.031238","11.789102"," 8.498051","15.200495","12.698837"," 9.353588","16.233261","Public"
"SRR9606841","16.52051","15.57144","11.39285","16.73341","15.21324","11.16051","17.37181","Public"
"SRR9606842","14.255299","14.381380"," 9.507993","15.840212","13.985702","10.967411","16.638763","Public"
"SRR9606843","17.026863","16.847351"," 9.887083","17.065992","14.771907","12.827596","18.029895","Public"
"SRR9606844","15.90684","15.94617","14.36223","16.73598","15.40423","14.29211","17.40883","Public"
"SRR9606845","14.10997","14.28432","10.56139","15.82753","14.12880","12.14358","16.54914","Public"
"SRR9606846","16.30110","16.12954","13.01134","16.25630","13.83589","11.73598","17.15553","Public"
"SRR9606847","15.186645","12.577173"," 9.826278","15.688698","13.191531","10.533362","16.454386","Public"
"SRR9606906","12.641784","14.441498","11.081503","15.726692","12.987248"," 9.826511","16.560234","Public"
"SRR9606907","16.02742","15.70118","12.46599","16.05580","13.89487","10.89058","17.34269","Public"
"SRR9606908","16.48264","16.15508","14.12041","16.44070","14.99735","10.77583","17.25667","Public"
"SRR9606909","15.57233","16.17101","12.66262","16.99149","14.98727","11.74542","17.66007","Public"
"SRR9606910","15.18406","14.77649","11.81554","15.98741","13.63847","10.94021","16.64717","Public"
"SRR9606911","16.10074","15.68948","13.34629","16.70320","15.07040","12.69370","17.38077","Public"
"SRR9606912","16.07388","16.05776","12.25572","16.76943","14.78702","12.48220","17.56830","Public"
"SRR9606913","16.48742","16.15856","11.18169","16.88811","14.41150","11.90215","17.63002","Public"
"SRR9606914","11.591123","11.762955"," 8.580145","15.383210","13.254937"," 9.625155","16.295385","Public"
"SRR9606915","14.89096","16.29928","12.04755","17.01165","15.15887","12.80794","17.78088","Public"
"SRR9606928","16.13840","15.97958","11.38332","16.19151","13.83444","10.51096","16.95469","Public"
"SRR9606929","16.83952","16.60631","11.19050","16.89973","14.97338","13.34225","17.68582","Public"
"SRR9606930","16.03958","16.07191","12.58590","16.60794","14.60763","11.88623","17.65946","Public"
"SRR9606931","16.31970","16.18049","11.34099","17.02262","15.53750","13.31947","17.79989","Public"
"SRR9606932","15.97308","15.68210","13.25763","16.65874","15.16758","12.14949","17.39856","Public"
"SRR9606933","17.339530","17.034834"," 9.161384","17.087879","14.112875","11.370891","18.171609","Public"
"SRR9606934","13.021027","13.023345"," 8.994608","15.398346","13.071263","10.408949","16.346603","Public"
"SRR9606935","14.37068","14.51044","11.15247","16.16791","14.72469","11.78674","16.88744","Public"
"SRR9606936","15.34592","15.70087","13.32194","16.79576","15.43634","13.01004","17.41068","Public"
"SRR9606994","15.31164","15.45123","10.08631","16.68949","14.10575","11.72954","17.49450","Public"
"SRR9606995","16.37074","16.31168","13.76693","16.94789","14.37382","12.47721","17.65433","Public"
"SRR9606996","14.002984","14.915329"," 9.540438","16.143890","13.494016","10.806829","16.918084","Public"
"SRR9606997","15.32217","12.73293","10.13702","15.73435","13.21713","10.77904","16.49082","Public"
"SRR9606998","14.81858","15.64174","11.55608","16.76285","15.41379","13.38377","17.52237","Public"
"SRR9606999","16.57666","16.57336","10.92617","16.91128","14.25087","11.55091","17.72490","Public"
"SRR9607000","15.29017","15.19626","12.32179","16.17347","14.20200","13.53411","16.97144","Public"
"SRR9607001","16.38910","16.08993","13.44838","16.49063","14.51276","11.94541","17.07670","Public"
"SRR9607002","17.22439","13.41677","10.25985","17.05671","14.01754","11.81486","17.47422","Public"
"SRR9607003","15.46411","14.95201","12.16941","15.98825","13.57036","11.12295","16.65965","Public"
"SRR9607024","14.81362","14.58969","11.29801","15.61273","12.73789","10.76391","16.49595","Public"
"SRR9607025","14.99838","15.45232","11.04665","16.90397","15.68364","12.96872","17.71996","Public"
"SRR9607028","16.582980","16.710244"," 8.712183","16.962113","14.162514","11.439464","17.785156","Public"
"SRR9607029","13.835873","14.410326"," 9.730912","15.993953","13.819502","11.074298","16.750275","Public"
"SRR9607030","15.85509","16.31099","11.84611","16.94824","14.85385","11.55458","17.64129","Public"
"SRR9607031","15.50305","15.34760","12.51135","16.46500","14.92295","12.48027","17.27301","Public"
"SRR9607032","15.33866","14.09587","12.29173","16.33155","14.96749","11.97125","16.90077","Public"
"SRR9607033","15.77217","15.66950","11.48699","16.49526","14.67048","12.50026","17.13856","Public"
"SRR9607034","16.12729","15.92980","13.68727","16.55788","14.94761","12.26000","17.30696","Public"
"SRR9607039","13.298829","14.828143","10.245636","15.957150","13.081632"," 9.680559","16.762031","Public"
"SRR9607040","14.857465","15.323361"," 9.920665","16.216793","14.118155","12.217627","16.989594","Public"
"SRR9607041","16.85450","16.40300","14.40935","16.60591","14.98643","10.94925","17.35912","Public"
"SRR9607042","15.14201","15.48339","12.31725","16.61449","15.48340","13.11057","17.37036","Public"
"SRR9607043","15.96842","16.00144","11.90336","16.66785","14.72740","12.15166","17.54883","Public"
"SRR9607044","16.02277","16.26018","11.85587","16.81464","14.86452","11.58462","17.65650","Public"
"SRR9607085","14.71487","14.75573","10.35143","16.36434","14.98971","11.98988","17.16144","Public"
"SRR9607086","16.53932","15.94372","13.20754","16.39158","14.83845","11.37189","17.02134","Public"
"SRR9607089","15.84952","15.56112","12.23256","16.59201","14.59953","13.00012","17.51139","Public"
"SRR9607090","13.88511","13.75753","11.32501","15.50533","12.80881","10.48730","16.43807","Public"
"SRR9607091","16.20333","16.01918","11.01643","16.56151","14.56776","11.22609","17.33138","Public"
"SRR9607092","15.67086","15.43464","12.85764","16.40026","14.83959","11.77943","17.10081","Public"
"SRR9607175","16.66842","16.51558","12.71671","16.73456","15.00658","12.52329","17.57409","Public"
"SRR9607176","16.09064","16.05682","12.18524","16.71963","15.00512","11.75325","17.70434","Public"
"SRR9607177","16.11785","16.24648","13.37962","16.88839","14.17223","12.36978","17.75346","Public"
"SRR9607178","14.68448","14.42132","11.85420","15.83370","13.45612","10.46436","16.54614","Public"
"SRR9607179","14.533931","15.043491","11.107302","15.992157","12.440786"," 9.942602","16.788385","Public"
"SRR9607180","15.15775","16.47659","13.56975","16.92558","14.58208","11.23834","17.68473","Public"
"SRR9607181","16.51745","16.35048","12.50310","16.64867","14.86944","11.90334","17.54548","Public"
"SRR9607182","16.53853","16.36913","13.72627","16.61718","14.23775","12.05476","17.34597","Public"
"SRR9607183","16.35969","16.01028","13.34767","16.42524","14.28493","11.69332","17.07091","Public"
"SRR9607184","16.16747","16.45410","13.65612","16.88931","14.42824","11.22197","17.70082","Public"
"SRR9607198","14.60196","15.04196","10.53815","16.08325","14.06412","11.45290","16.80326","Public"
"SRR9607199","15.35319","15.98906","12.69863","16.80094","14.53106","12.18485","17.41993","Public"
"SRR9607204","13.809412","14.018345","11.215497","15.574200","13.287785","10.849084","16.457521","Public"
"SRR9607205","14.69822","15.13877","11.54476","16.83913","15.86447","12.17711","17.75741","Public"
"SRR9607206","16.24349","16.20026","10.16993","16.77272","14.98162","12.83552","17.58497","Public"
"SRR9607207","15.71443","15.65802","12.04754","16.52761","14.75428","11.89297","17.29315","Public"
"SRR9607208","14.63019","14.51046","10.77425","15.85436","13.80419","11.56788","16.59213","Public"
"SRR9607209","15.65586","15.82153","13.47926","17.02414","15.77762","13.21855","17.67262","Public"
"SRR9607210","16.62164","16.52188","12.29323","16.73825","14.88742","12.15109","17.84507","Public"
"SRR9607211","15.39433","15.95353","11.60987","16.75753","14.86137","11.46945","17.58090","Public"
"SRR9607236","14.65057","14.63865","10.04625","16.26849","14.77549","11.82081","17.02014","Public"
"SRR9607248","14.00847","14.17636","10.33229","15.81744","14.24664","10.48198","16.69024","Public"
"SRR9607271","16.33920","15.91131","14.96128","16.63697","15.23359","12.71364","17.23316","Public"
"SRR9607272","15.661846","16.233093"," 9.671753","16.815476","14.758971","11.971384","17.559050","Public"
"SRR9607279","16.50051","16.30093","11.05264","16.76026","14.71735","12.94845","17.48723","Public"
"SRR9607280","15.60785","15.63000","12.21868","16.42811","15.08805","12.48590","17.19902","Public"
"SRR9607281","12.631556","13.321606"," 9.197782","15.381967","12.649395"," 9.686028","16.345627","Public"
"SRR9607282","16.89049","16.31646","12.77110","16.90472","14.81111","11.43799","17.90463","Public"
"SRR9607283","15.07517","14.71772","11.50875","16.11251","14.37245","11.24504","16.93351","Public"
"SRR9607284","15.74517","16.10995","13.37716","16.72428","14.21070","13.61577","17.36272","Public"
"SRR9607285","14.712482","15.075237"," 9.783735","16.050995","13.888345","12.030671","16.845166","Public"
"SRR9607286","15.98915","16.30358","13.14463","16.85748","14.79131","12.46912","17.56178","Public"
"SRR9607327","17.16584","16.87220","12.46030","16.86515","14.06133","12.09039","17.91090","Public"
"SRR11574864","15.36727","14.14115","11.20988","16.24007","14.89962","12.34453","16.94466","Public"
"SRR11574868","14.509759","15.609569"," 9.873367","17.206575","15.648680","12.597715","17.496955","Public"
"SRR11574870","15.252217","14.842491"," 9.588377","16.576321","15.462493","12.036832","17.328611","Public"
"SRR11574871","15.95841","15.67254","10.52886","16.56291","15.04781","12.32743","17.45851","Public"
"SRR11574872","14.86823","14.89448"," 9.49051","16.37001","14.58600","11.42507","16.90534","Public"
"SRR11574873","16.82999","15.82664","10.72475","16.77259","14.59706","11.78298","17.35069","Public"
"SRR11574875","14.35983","15.18956","10.42128","16.75285","15.59088","12.31929","17.42705","Public"
"SRR11574876","14.45018","15.36926"," 9.70936","16.72628","15.15817","13.85090","17.32170","Public"
"SRR11574879","15.35822","13.44075","10.23628","16.17442","14.86423","12.40600","16.79908","Public"
"SRR11574884","13.14162","14.20686"," 8.40314","16.15601","14.66172","10.69850","16.81661","Public"
"SRR11574885","15.22894","15.49752","12.02267","16.74375","15.31769","12.34355","17.29260","Public"
"SRR11574886","14.606935","14.838994"," 7.236301","16.331484","13.907435","11.606104","16.978732","Public"
"SRR11574887","14.672552","14.078959"," 8.381456","16.126574","14.505508","11.826337","16.769695","Public"
"SRR11574888","13.881371","13.386105"," 8.117435","16.182233","14.242443","11.230201","16.827310","Public"
"SRR13921607","11.40303","16.62321","10.44490","17.53124","16.30469","12.87363","17.66192","Public"
"SRR13921618","14.36913","15.87828","11.88655","17.23116","16.05809","14.08190","17.65329","Public"
"SRR13921619","13.56457","15.45720","12.27020","17.11979","16.28978","13.96507","17.75281","Public"
"SRR13921620","13.09925","13.30437","11.43334","16.33126","14.18370","11.86128","16.72949","Public"
"SRR13921621","11.98068","15.62957","10.72174","17.05289","16.12925","12.99234","17.61602","Public"
"SRR13921630","12.01302","16.04206","10.33257","17.20947","16.38438","13.32265","17.76978","Public"
"SRR13921641","13.35182","15.65310","12.41542","17.09379","16.21243","13.87208","17.67869","Public"
"SRR13921652","14.21104","14.72622","13.28539","17.03949","16.09189","14.21685","17.70935","Public"
"SRR13921659","11.85803","15.63010","11.63939","17.09601","16.28282","13.12816","17.78017","Public"
"SRR13921660","10.78449","15.70513","12.70764","17.22232","15.99463","14.17747","17.46693","Public"
"SRR13921661","12.66790","16.19739","12.25238","17.50227","16.50637","12.45454","17.76711","Public"
"SRR13921662","14.09500","15.51727","13.70984","17.29142","16.29909","14.20261","17.67039","Public"
"SRR13921663","12.67315","15.88026","11.81761","17.04224","16.18485","13.57065","17.68080","Public"
"SRR13921664","13.01402","15.43684","12.02163","17.32693","16.28198","14.74273","17.67502","Public"
"SRR13921665","12.82385","16.01034","10.97724","17.17779","16.16848","13.87602","17.70530","Public"
"SRR13921666","12.63119","16.06621","12.37967","17.39460","16.40343","13.72344","17.70899","Public"
"SRR13921677","14.03530","15.28392","11.38845","16.86064","15.87350","13.49844","17.50429","Public"
"SRR13921688","13.88470","15.94072","12.31926","17.26277","16.22733","13.16801","17.72069","Public"
"SRR13921690","13.73992","15.86222","11.12885","17.08952","15.97752","12.85938","17.64188","Public"
"SRR13921691","13.53407","15.41259","12.06786","17.08515","16.27646","13.81702","17.75317","Public"
"SRR13921692","12.78538","15.76102","10.84550","17.17568","16.23983","13.10871","17.76256","Public"
"SRR13921693","13.47841","16.08508","11.15466","17.49454","16.29115","11.71579","17.81736","Public"
"SRR13921694","10.92886","15.87269","12.71999","17.50205","16.40826","14.18630","17.68296","Public"
"SRR13921695","12.55491","15.75807","11.79869","17.23685","16.34109","12.21965","17.69909","Public"
"SRR13921696","12.84395","16.48067","10.43404","17.44050","16.53102","13.87433","17.99272","Public"
"SRR13921697","13.97163","15.03619","11.95934","16.84555","16.06535","13.57971","17.68940","Public"
"SRR13921698","11.65170","15.71216","13.15866","17.20862","16.09487","13.22942","17.58169","Public"
"SRR13921699","10.20056","14.58219","11.83503","16.79834","16.00880","12.64892","17.55850","Public"
"SRR13921700"," 9.982395","15.421000","12.054808","17.264316","16.210052","13.679142","17.655478","Public"
"SRR13921701"," 8.229876","15.988142","11.664812","17.274488","16.374797","13.215103","17.665173","Public"
"SRR13921702","13.94399","16.20164","12.40140","17.33025","16.38063","13.36008","17.83763","Public"
"SRR13921703","11.46234","15.07172","12.61388","17.13324","16.17711","13.94708","17.58161","Public"
"SRR13921704","13.98518","15.08382","11.15826","16.84951","15.85239","12.55076","17.55619","Public"
"SRR13921705","14.31436","15.43029","12.03324","16.83388","15.99573","13.27330","17.57758","Public"
"SRR13921706","13.16889","15.68977","11.32563","17.06855","15.97238","12.84511","17.54777","Public"
"SRR13921707","13.82839","16.40338","11.88666","17.44009","16.28702","12.88809","17.78251","Public"
"SRR13921708","14.03994","14.82761","10.71266","16.89197","15.88275","12.88310","17.55679","Public"
"SRR13921709","10.986112","15.603276"," 9.193254","17.053045","16.243760","13.188608","17.781941","Public"
"SRR13921710","11.57015","16.57678","12.14442","17.48713","16.35997","12.76579","17.77631","Public"
"SRR13921721","11.79007","16.38410","11.77774","17.33028","16.26596","13.18207","17.68242","Public"
"SRR13921732","14.28936","15.97149","11.39371","17.17733","16.09958","13.45784","17.74382","Public"
"SRR13921739","12.43578","15.92891","11.90037","16.98958","16.03585","12.79454","17.49276","Public"
"SRR13921740","14.37234","15.18211","11.99643","16.80052","15.79438","13.47010","17.45888","Public"
"SRR13921741","10.66796","15.64988","11.39995","17.23070","16.37839","14.27181","17.72729","Public"
"SRR13921743","13.12570","15.97744","10.92113","17.20682","16.19169","13.25895","17.68931","Public"
"SRR13921744","13.19072","16.21458","11.26322","17.42858","16.39215","11.50431","17.79699","Public"
"SRR13921745","14.41479","16.05263","11.78108","17.20151","16.13546","13.88190","17.78156","Public"
"SRR13921746","13.26708","15.85598","11.43522","17.06704","15.96902","12.86860","17.43089","Public"
"SRR13921747","14.442784","16.223385"," 9.076495","17.292461","16.066003","11.982895","17.671479","Public"
"SRR13921748","13.89255","16.18915","11.30577","17.13991","16.13185","13.89739","17.78370","Public"
"SRR13921749","13.94460","16.12594","11.26242","17.32920","16.26567","13.06725","17.77312","Public"
"SRR13921757","14.10005","15.13118","13.62061","17.34122","16.32647","15.04563","17.63303","Public"
"SRR13921768","12.29789","16.32856","12.42758","17.56128","16.51479","13.53153","17.85170","Public"
"SRR13921769","14.52048","16.05442","12.49480","17.30671","16.11260","14.00567","17.63277","Public"
"SRR13921770","14.76319","15.81481","11.22324","16.93819","16.05396","13.57670","17.69346","Public"
